customer_public_id,plan_name,purchased_at,activated_at,cancelled_at,expires_at
cu_QUDqc1PTfYK9gh,Test membership,2025-11-12 20:30:05.436988,,,
cu_iWVtLubBc3oo4H,Test membership,2025-11-12 20:45:44.718139,,,
cu_49NSYlkY4OwfAe,Intro Offer,2026-01-04 19:45:09.169187,2026-01-04 19:45:09.248015,,
cu_Efo8VOgiGjhCU0,Intro Offer,2025-12-29 00:46:42.600359,2025-12-29 00:46:42.618768,,
cu_LqOv2iyv2dkLWt,Intro Offer,2025-12-24 16:56:08.868567,2025-12-24 16:56:08.8931,,
cu_94JU7NPDWmyng8,Founding Membership,2025-11-12 21:14:58.961979,2025-11-20 02:29:07.558586,2026-03-02 17:56:40.482973,2026-01-24 12:00:00
cu_u6XiS9fkJiUbUg,Founding Membership,2025-11-14 23:56:13.921265,2025-11-20 02:29:08.507853,2026-02-22 00:28:01.461081,2026-03-24 12:00:00
cu_kbWmVFqCQj7CSv,Founding Membership,2025-11-13 17:50:15.018699,2025-11-20 02:29:08.256727,,2026-06-03 00:00:02.769656
cu_1lzYcA8k0WcpNY,Intro Offer,2025-12-30 04:27:14.516785,2025-12-30 04:27:14.539362,,
cu_6FWq2qD6NQSkNh,Founding Membership,2025-11-12 21:04:26.480375,2025-11-20 02:29:07.278443,2025-12-29 00:00:00.414563,2025-12-24 12:00:00
cu_afF9cGSSoOm179,Intro Offer,2026-01-01 21:39:38.665936,2026-01-01 21:39:38.698422,,
cu_rTIA7AlLrBLiwF,Intro Offer,2026-01-03 00:00:15.942102,2026-01-03 00:00:15.967028,,
cu_JoFKAKVmY7lTD6,Unlimited / Month,2025-11-30 02:22:22.610323,2025-11-30 02:22:22.626572,,2026-05-28 02:22:22.626572
cu_keWKJgTTQOVfOq,Intro Offer,2026-01-02 02:25:25.31792,2026-01-02 02:25:25.340292,,
cu_wzvLwczyVvc803,Intro Offer,2025-11-26 07:21:29.70065,2025-11-26 07:21:30.467766,,
cu_YikAJOh9VTl5Bf,4 Classes / Month ,2025-11-20 01:58:27.283318,2025-11-20 01:58:27.306067,2025-12-03 03:04:15.958734,2025-12-20 01:58:27.306067
cu_4GX5X8BaqPskCe,Michael's Membership,2025-11-12 03:55:50.198651,,,
cu_SYOeaDLokCe3pE,Test membership,2025-11-12 19:44:28.708673,,,
cu_CtCbbfQ7LHSpb2,Test membership,2025-11-12 19:53:21.842716,,,
cu_TidzoZS7qBuPgH,Test membership,2025-11-12 20:13:23.838721,,,
cu_ne3H6kM2SHrKcJ,Test membership,2025-11-12 20:19:30.573037,,,
cu_YikAJOh9VTl5Bf,Founding Membership,2025-11-20 10:14:27.831217,2025-11-20 10:14:27.86004,2025-12-03 03:03:58.983145,2026-01-22 23:11:58.268158
cu_kgBrfEHAec1xnj,Intro Offer,2026-01-05 23:12:01.769074,2026-01-05 23:12:01.803262,,
cu_pPKh3QxZo3nfdN,Intro Offer,2026-01-06 22:56:30.351004,2026-01-06 22:56:30.390904,,
cu_GY9FD5wk5QrRsI,Founding Membership,2025-11-12 21:26:36.730305,2025-11-20 02:29:07.791907,2026-01-13 18:44:23.61413,2025-12-24 12:00:00
cu_4EYUpDiLBWEwEQ,4 Classes / Month ,2026-01-08 16:47:53.439197,2026-01-08 16:47:53.460073,2026-04-12 00:00:01.521197,2026-04-08 16:47:53.460073
cu_D3SQbAM7DDKFEP,Unlimited / Month,2026-04-26 00:07:23.146751,2026-04-26 00:07:23.158579,,2026-05-26 00:07:23.158579
cu_tH25YHNxI5hr55,Intro Offer,2026-01-09 19:36:33.771335,2026-01-09 19:36:33.794531,,
cu_ANJKPMP5ZSwfrO,Founding Membership,2025-12-31 15:17:35.06351,2025-12-31 15:17:35.09384,2026-03-06 00:00:00.515663,2026-03-03 02:34:05.49545
cu_u1A2aJnTdEGCX9,Intro Offer,2026-01-10 13:27:43.024891,2026-01-10 13:27:43.079529,,
cu_QqURBODN9dEDB0,Intro Offer,2026-01-11 16:22:46.632043,2026-01-11 16:22:46.655979,,
cu_1Z8bqemCu7XY0u,Intro Offer,2026-04-26 19:58:16.558749,2026-04-26 19:58:16.580037,,
cu_tob9nu7FaXgxfo,Intro Offer,2026-01-13 02:10:17.479969,2026-01-13 02:10:17.504756,,
cu_92STNxXPHniMae,Founding Membership,2025-11-13 17:47:31.428734,2025-12-27 19:08:45.04831,2026-03-31 00:00:03.220862,2026-03-27 19:08:45.04831
cu_5IrbuemjF28YEw,Intro Offer,2026-01-14 02:15:25.161892,2026-01-14 02:15:25.170483,,
cu_yxIw9ND2Lo2TuK,Founding Membership,2025-11-20 11:18:05.525208,2025-11-20 11:18:05.554937,2026-04-29 21:04:56.81952,2026-05-24 12:00:00
cu_3xGMalvcRITLXG,Intro Offer,2025-11-21 20:53:37.860301,2025-11-21 20:53:37.949675,,
cu_L38yfyQGsVvfMI,Intro Offer,2025-11-22 15:16:15.854587,2025-11-22 15:16:15.989145,,
cu_IkmaCpcaxWqesb,Intro Offer,2025-11-24 00:30:17.448968,2025-11-24 00:30:17.605903,,
cu_2M7csgtKVBknDg,Intro Offer,2025-11-24 02:04:55.235428,2025-11-24 02:04:55.258158,,
cu_JxI9T4pUYXn6fb,Intro Offer,2025-11-24 02:59:12.458046,2025-11-24 02:59:12.479056,,
cu_78stYJVUnpavrf,Intro Offer,2025-11-24 12:58:39.702832,2025-11-24 12:58:39.815938,,
cu_F4So1y2IahnhGl,Intro Offer,2025-11-24 21:15:33.351497,2025-11-24 21:15:33.371384,,
cu_sB0AY8d4W95iNu,Intro Offer,2025-11-25 13:19:09.537266,2025-11-25 13:19:09.555132,,
cu_3PaAxVwx0Cgaml,Intro Offer,2025-11-25 14:20:48.886236,2025-11-25 14:20:49.047152,,
cu_UxMzmQchutLa9O,Intro Offer,2025-11-24 21:19:10.184146,2025-11-24 21:19:10.264293,,
cu_h6T33JqhKrgvSp,Unlimited / Month,2025-11-28 16:09:15.984591,2025-11-28 16:09:15.997786,,2026-05-28 16:09:15.997786
cu_xRJyF5O3g11WYw,Founding Membership,2025-11-25 23:55:45.520382,2025-12-27 19:08:00.866411,2026-01-31 00:00:00.449285,2026-01-27 19:08:00.866411
cu_iXWYW8t58n7jQG,Intro Offer,2025-12-03 17:28:13.284371,2025-12-03 17:28:13.313717,,
cu_0hq8NeNIzqZmvc,Unlimited / Month,2025-11-30 02:27:32.968212,2025-11-30 02:27:32.994327,,2026-05-28 02:27:32.994327
cu_IQltw98qHtXn0O,Intro Offer,2025-12-01 20:49:15.05012,2025-12-01 20:49:15.470473,,
cu_TWOoYaNBgSejZW,Intro Offer,2026-01-04 21:45:27.060267,2026-01-04 21:45:27.123671,,
cu_5pYxXW66HjGZe1,Intro Offer,2025-11-25 02:18:06.701575,2025-11-25 02:18:06.784807,,
cu_PnSMmA0XfCjofp,Unlimited / Month,2025-12-04 15:53:51.808797,2025-12-04 15:53:52.046019,,2026-06-04 15:53:52.046019
cu_CSjy6ZezypdSJr,Intro Offer,2025-11-28 13:33:47.964649,2025-11-28 13:33:48.257312,,
cu_qVsaLJNqdUvMvX,Intro Offer,2025-12-26 02:30:42.150539,2025-12-26 02:30:42.175824,,
cu_iG0I5ahZkCFqbY,4 Classes / Month ,2025-12-12 22:25:51.469303,2025-12-12 22:25:51.518096,,2026-05-12 22:25:51.518096
cu_Z5Dno0SYMwgGxC,Intro Offer,2025-11-25 04:02:37.909188,2025-11-25 04:02:37.985253,,
cu_crXUQ4HK8sMvdr,Intro Offer,2025-11-25 23:23:58.534802,2025-11-25 23:23:58.596458,,
cu_oG6MbAUCdlukDb,Intro Offer,2026-01-03 00:02:42.362379,2026-01-03 00:02:42.384885,,
cu_E8nGBQNTrLDmbX,Intro Offer,2025-11-28 14:15:44.984396,2025-11-28 14:15:45.006062,,
cu_vc3VVZhaYeHmBt,Intro Offer,2025-12-01 11:18:50.952241,2025-12-01 11:18:51.051191,,
cu_IN9G9ResATfDfP,Intro Offer,2025-11-26 20:21:43.261433,2025-11-26 20:21:43.586269,,
cu_1een2MD3zb9O0F,Intro Offer,2025-11-28 16:09:14.420437,2025-11-28 16:09:14.439552,,
cu_yEPjhDmTMImSjQ,Intro Offer,2025-11-26 23:38:37.377112,2025-11-26 23:38:37.592171,,
cu_FuqLGjcz4mzQ4h,Intro Offer,2025-11-27 03:02:06.012441,2025-11-27 03:02:06.409668,,
cu_w9Atihl8V34tHb,Intro Offer,2025-11-30 19:35:07.239234,2025-11-30 19:35:07.255657,,
cu_Lp7XbIW6BWP5Ny,Intro Offer,2025-11-27 15:45:16.535974,2025-11-27 15:45:16.549978,,
cu_3eYZDRQGEpe5AL,Intro Offer,2026-01-05 23:17:28.059625,2026-01-05 23:17:28.080814,,
cu_QgRRtWRZMFBYBB,Intro Offer,2026-01-07 00:33:34.701816,2026-01-07 00:33:34.724905,,
cu_3y8hywq2Fjopc7,Intro Offer,2026-01-08 18:44:10.156488,2026-01-08 18:44:10.179398,,
cu_oNFtqh6JV0edXm,Intro Offer,2025-11-29 00:40:26.092176,2025-11-29 00:40:26.108495,,
cu_whzFyQFNt89Dfd,Intro Offer,2025-12-01 18:30:04.192318,2025-12-01 18:30:04.230642,,
cu_E4arnEWXbOpy4h,Intro Offer,2025-11-30 19:37:07.903273,2025-11-30 19:37:07.989181,,
cu_whPAMYXkgEHRRy,Intro Offer,2025-11-29 17:17:36.611368,2025-11-29 17:17:36.682832,,
cu_XgTUTFWlscurMy,Intro Offer,2026-01-08 18:45:56.589871,2026-01-08 18:45:56.610304,,
cu_7VmdW6LoiIvS0T,Intro Offer,2025-11-30 04:29:24.272123,2025-11-30 04:29:24.43735,,
cu_rJR2W0KnpqG7TK,Intro Offer,2025-12-02 19:10:26.180012,2025-12-02 19:10:26.195766,,
cu_XS7lmalgWNKqo5,Intro Offer,2025-12-01 05:06:50.684006,2025-12-01 05:06:50.70466,,
cu_nK7JaLjBSGETc6,Intro Offer,2025-12-01 19:14:50.940046,2025-12-01 19:14:51.189832,,
cu_3FRhPY9YfSXqPG,Intro Offer,2026-01-09 23:28:34.691754,2026-01-09 23:28:34.716273,,
cu_st3Zuo7lCVTdqF,Intro Offer,2025-12-04 15:51:03.127798,2025-12-04 15:51:03.179035,,
cu_wjCEWqcWQTOq4T,Intro Offer,2025-12-04 15:45:43.008796,2025-12-04 15:45:43.036336,,
cu_mADUGkEfp38pwu,Intro Offer,2025-12-04 16:58:48.777573,2025-12-04 16:58:48.857679,,
cu_t0c5TQiHkNKJuJ,Intro Offer,2025-12-05 12:38:17.196598,2025-12-05 12:38:17.402424,,
cu_JXWppIhlzaQ0rk,Intro Offer,2025-12-05 16:07:54.669137,2025-12-05 16:07:54.785667,,
cu_aR2lcIbJplg8L8,Intro Offer,2025-12-05 16:48:11.494033,2025-12-05 16:48:11.594791,,
cu_Mtw4iZGcZGdzEN,Founding Membership,2025-11-26 12:43:56.66241,2025-11-26 12:43:57.642747,2026-04-29 11:59:18.325633,2026-05-26 12:43:57.642747
cu_hUKhje1W89PM9H,Intro Offer,2025-12-05 17:16:01.597917,2025-12-05 17:16:01.89238,,
cu_szUZTeD16RzQ3X,Intro Offer,2026-01-10 22:14:00.531807,2026-01-10 22:14:00.558683,,
cu_iOSzwgL8aJNTRJ,Intro Offer,2025-12-06 13:32:55.064271,2025-12-06 13:32:55.095286,,
cu_pq5nUHlXngfrIf,4 Classes / Month ,2025-11-26 13:06:53.458675,2025-11-26 13:06:53.542407,2025-12-18 06:33:42.691725,2025-12-26 13:06:53.542407
cu_RnnEQKW1rz8UV9,Intro Offer,2025-12-06 14:26:54.434664,2025-12-06 14:26:54.465789,,
cu_hW1UPm6fIrtQ0E,Founding Membership,2025-11-27 17:19:01.967984,2025-11-27 17:19:02.35748,,2026-05-27 17:19:02.35748
cu_oOtK8UoJw4yl6j,4 Classes / Month ,2025-12-12 22:24:58.591089,2025-12-12 22:24:58.631433,,2026-05-12 22:24:58.631433
cu_IN9G9ResATfDfP,Founding Membership,2025-12-12 14:32:51.17732,2025-12-12 14:32:51.190928,2026-05-15 12:08:17.308715,2026-06-12 14:32:51.190928
cu_87yCfMMYUn7QB4,Intro Offer,2026-01-10 23:01:09.379609,2026-01-10 23:01:09.405529,,
cu_phop1cPcgVamtW,Intro Offer,2025-12-08 02:38:27.563303,2025-12-08 02:38:27.644484,,
cu_dZwjhiFm0rb9V8,Intro Offer,2025-12-12 12:46:16.981929,2025-12-12 12:46:17.252941,,
cu_uM0beGvCC2NVV9,Intro Offer,2025-12-08 17:41:18.187398,2025-12-08 17:41:18.28656,,
cu_DxDyaAM3AgA2Jr,Intro Offer,2025-12-10 21:42:17.439156,2025-12-10 21:42:17.467905,,
cu_AFy4HR6ztyRx1K,Intro Offer,2025-12-08 19:53:41.184208,2025-12-08 19:53:41.481062,,
cu_2CtcZVHkyJI5Nv,Intro Offer,2025-12-08 19:55:13.857949,2025-12-08 19:55:13.89051,,
cu_UUeNoRCYzWg0gD,Intro Offer,2025-12-11 03:32:54.324047,2025-12-11 03:32:54.344795,,
cu_NQErLRJUesVfYi,Intro Offer,2025-12-12 13:46:19.700893,2025-12-12 13:46:20.127091,,
cu_RRfiAi9TRaZW1x,Intro Offer,2025-12-08 20:03:43.255864,2025-12-08 20:03:43.272315,,
cu_xmjVoV7IMNKlCM,Intro Offer,2025-12-11 18:42:01.431444,2025-12-11 18:42:01.456372,,
cu_6Eup1ISop6f5hE,Intro Offer,2025-12-09 15:56:34.862484,2025-12-09 15:56:35.16456,,
cu_22fIEu19i1NwDk,Intro Offer,2025-12-13 14:53:24.501361,2025-12-13 14:53:24.527032,,
cu_CaZ29GHkM5WKBk,Intro Offer,2025-12-09 17:44:20.351369,2025-12-09 17:44:20.37019,,
cu_qXrsfRWpKO87US,Intro Offer,2025-12-11 19:29:25.968058,2025-12-11 19:29:25.991936,,
cu_dEU4f1F1HsDe1e,Intro Offer,2025-12-09 18:43:54.009437,2025-12-09 18:43:54.031666,,
cu_TidzoZS7qBuPgH,Unlimited / Month,2025-12-15 18:15:25.884834,2025-12-15 18:15:25.903725,,2026-06-15 18:15:25.903725
cu_gLuziLuib5cPb4,Intro Offer,2025-12-14 14:54:09.382557,2025-12-14 14:54:09.548884,,
cu_QUKrl61BvyhWlV,Intro Offer,2025-12-09 22:41:42.112869,2025-12-09 22:41:42.131636,,
cu_0Z7klQJJGO1YEn,Intro Offer,2025-12-11 22:20:13.139656,2025-12-11 22:20:13.163795,,
cu_0p6M9hwHlCkocU,4 Classes / Month ,2025-12-12 23:13:20.197205,2025-12-12 23:13:20.224003,2025-12-13 00:05:15.509833,2026-01-12 23:13:20.224003
cu_I98bw0m94d33iL,Intro Offer,2025-12-09 22:47:43.257352,2025-12-09 22:47:43.331222,,
cu_jBs1Mi9HGudKFV,Intro Offer,2025-12-12 17:27:50.720167,2025-12-12 17:27:50.730743,,
cu_iJUWwKlU2tbd9m,Intro Offer,2025-12-11 22:24:10.404681,2025-12-11 22:24:10.420961,,
cu_pwls9S3IENM6AV,Intro Offer,2025-12-12 00:00:41.778692,2025-12-12 00:00:41.802555,,
cu_rb3AoEhLyI2QIX,Intro Offer,2026-04-27 04:38:51.431488,2026-04-27 04:38:51.441749,,
cu_UpNqFI7qmS459B,Intro Offer,2025-12-12 20:52:14.155428,2025-12-12 20:52:14.171791,,
cu_tiee61VX6Jh7Z1,Intro Offer,2025-12-12 11:55:13.74015,2025-12-12 11:55:13.852961,,
cu_8OeJxYyWa2rAYF,4 Classes / Month ,2025-12-16 14:56:21.080419,2025-12-16 14:56:21.102808,,2026-06-16 14:56:21.102808
cu_9cvw6dLjlA5F2P,Intro Offer,2025-12-14 13:54:57.174764,2025-12-14 13:54:57.194936,,
cu_cbnD3PEd3MTCzQ,Intro Offer,2025-12-15 14:59:26.70965,2025-12-15 14:59:26.731274,,
cu_tDbaDqRQeuy0dl,Unlimited / Month,2025-12-14 14:54:24.753041,2025-12-14 14:54:24.77395,,2026-06-14 14:54:24.77395
cu_WUyKSKtDZ3awjb,Intro Offer,2025-12-14 23:07:43.649004,2025-12-14 23:07:43.794704,,
cu_cAuVC0r8leg6A3,Intro Offer,2025-12-14 14:06:15.249286,2025-12-14 14:06:15.367671,,
cu_2qha6gCuPGIaAL,Founding Membership,2025-12-10 15:26:19.842641,2025-12-10 15:26:19.936633,,2026-06-10 15:26:19.936633
cu_AiPxuEhyxURGpt,Intro Offer,2025-12-16 02:08:40.526098,2025-12-16 02:08:40.710065,,
cu_OGyvXQZUFr9qwU,Intro Offer,2025-12-14 16:49:13.790733,2025-12-14 16:49:13.874689,,
cu_49DUHyH7lrWPA4,Intro Offer,2025-12-15 14:15:39.084845,2025-12-15 14:15:39.115119,,
cu_vAY5RPdmLcSKWf,Intro Offer,2025-12-15 15:15:43.296968,2025-12-15 15:15:43.321585,,
cu_uwgveuw8Jz3J0m,Intro Offer,2025-12-16 15:15:57.276829,2025-12-16 15:15:57.317671,,
cu_6UPsKuo1vtdPEa,Intro Offer,2025-12-16 21:35:21.831666,2025-12-16 21:35:21.852771,,
cu_yZ62iK3sUMxPOz,Intro Offer,2025-12-17 11:07:19.967781,2025-12-17 11:07:20.115406,,
cu_I4SJ8CbvoCBY8I,Intro Offer,2025-12-17 14:34:55.090604,2025-12-17 14:34:55.139034,,
cu_Zq7CUK8e9jC8Es,Intro Offer,2025-12-17 14:53:07.772279,2025-12-17 14:53:07.79132,,
cu_eNMrNLJqnaLatR,Intro Offer,2025-12-17 18:34:28.719972,2025-12-17 18:34:28.743055,,
cu_UAl9OOWrnEqb3Z,Intro Offer,2026-04-28 04:53:53.300869,2026-04-28 04:53:53.317901,,
cu_ZW6bqkkd9D95Nn,Intro Offer,2025-12-18 23:33:29.615504,2025-12-18 23:33:29.711058,,
cu_Msz4a0NcvxrOIv,Intro Offer,2025-12-22 03:23:10.493203,2025-12-22 03:23:10.511853,,
cu_Cg1qxjE88kehR5,Intro Offer,2025-12-19 00:53:08.289653,2025-12-19 00:53:08.474631,,
cu_JzMg0p1IvgLyfC,Founding Membership,2025-11-12 21:24:11.267097,2025-11-20 02:29:07.707478,2026-02-22 00:23:43.766905,2026-03-24 12:00:00
cu_Z5Dno0SYMwgGxC,Founding Membership,2026-01-01 23:42:14.043287,2026-01-01 23:42:14.065569,2026-05-05 00:00:01.957608,2026-05-01 23:42:14.065569
cu_H0ZJoJW35SxGjW,4 Classes / Month ,2025-12-14 14:25:16.396924,2025-12-14 14:25:16.411956,2026-02-12 02:47:47.812248,2026-03-14 14:25:16.411956
cu_WJYwaXkrHtTVK9,Intro Offer,2025-12-22 16:56:38.157707,2025-12-22 16:56:38.184922,,
cu_aR2lcIbJplg8L8,4 Classes / Month ,2025-12-19 06:25:00.98671,2025-12-19 06:25:01.010911,2026-01-23 00:00:01.433018,2026-01-19 06:25:01.010911
cu_DLI1iklI53BDzR,Founding Membership,2025-11-25 19:14:10.265904,2025-11-25 19:14:10.285088,2026-02-12 02:38:12.587269,2026-02-25 19:14:10.285088
cu_GFBp0n2A1tKUXX,Unlimited / Month,2025-11-25 23:03:16.751093,2025-11-25 23:03:16.765688,,2026-05-25 23:03:16.765688
cu_TnohITuE6SfbMU,4 Classes / Month ,2025-11-30 14:32:30.588875,2025-11-30 14:32:30.605199,,2026-05-28 14:32:30.605199
cu_rJR2W0KnpqG7TK,Founding Membership,2025-12-29 13:38:36.666497,2025-12-29 13:38:36.69091,,2026-05-28 13:38:36.69091
cu_iXrQfjD0RtMGnE,Intro Offer,2025-12-19 13:58:06.311398,2025-12-19 13:58:06.346738,,
cu_P0PvydW441PZ1A,Intro Offer,2026-04-26 07:28:03.036209,2026-04-26 07:28:03.044447,,
cu_5KjZdzw6yPA8lb,Intro Offer,2025-12-19 18:53:10.363759,2025-12-19 18:53:10.382401,,
cu_HahjYs232ACPTe,Intro Offer,2025-12-26 06:53:35.947455,2025-12-26 06:53:35.971678,,
cu_qjcleAhdnj4mWd,Intro Offer,2025-12-22 19:37:18.885674,2025-12-22 19:37:18.911734,,
cu_uLwKuWKRWWmGWH,Intro Offer,2025-12-19 23:40:53.680317,2025-12-19 23:40:53.909611,,
cu_Bi4qtof0kos5tX,Founding Membership,2025-11-12 21:15:54.71413,2025-11-20 02:29:07.653275,2026-02-16 20:17:29.221843,2026-02-24 12:00:00
cu_HZbP5ds3iZOVaw,Intro Offer,2025-12-20 00:10:58.699575,2025-12-20 00:10:58.739267,,
cu_UdNym2jti60cZd,Intro Offer,2025-12-22 19:54:57.464054,2025-12-22 19:54:57.493,,
cu_jD6Wsv9pg3abEH,4 Classes / Month ,2025-12-19 01:37:40.563366,2025-12-19 01:37:40.590218,2026-02-22 00:00:00.604956,2026-02-19 01:37:40.590218
cu_Iwl3Z0ibM6Punc,Founding Membership,2025-11-13 19:39:28.872522,2025-11-20 02:29:08.304448,2026-02-28 00:00:00.591028,2026-02-24 12:00:00
cu_DMIJZsexImU1xH,Intro Offer,2025-12-23 03:00:55.865823,2025-12-23 03:00:56.023481,,
cu_VMt3NFVyUHNp9J,Intro Offer,2025-12-20 16:52:38.962797,2025-12-20 16:52:38.984426,,
cu_7FheJyev5Z8vEB,Founding Membership,2025-11-12 21:06:38.218798,2025-11-20 02:29:07.408639,,2026-05-24 12:00:00
cu_4EYUpDiLBWEwEQ,Intro Offer,2025-12-21 00:38:22.035668,2025-12-21 00:38:22.055687,,
cu_N96G0WmsduYJKu,Intro Offer,2025-12-23 13:29:35.727619,2025-12-23 13:29:35.741022,,
cu_N4AGNQzS5E5m11,Intro Offer,2025-12-21 21:54:29.011724,2025-12-21 21:54:29.033474,,
cu_AauFqqNSBPgtsN,Unlimited / Month,2025-12-22 18:56:14.312263,2025-12-22 18:56:14.591382,,2026-06-22 18:56:14.591382
cu_MGb36O0MnlytiR,Unlimited / Month,2025-12-13 13:40:17.039583,2025-12-13 13:40:17.062291,,2026-06-13 13:40:17.062291
cu_FsASjb2Zu3Vy3r,Intro Offer,2025-12-23 13:41:07.159659,2025-12-23 13:41:07.195381,,
cu_3QcdiJabNsy8Es,4 Classes / Month ,2025-12-30 18:23:15.26851,2025-12-30 18:23:15.294167,2026-03-04 00:00:01.943676,2026-02-28 18:23:15.294167
cu_bFPjTYyx8qfxnU,Founding Membership,2025-12-20 16:06:58.598664,2025-12-20 16:06:58.625272,2026-04-10 15:38:46.634118,2026-04-20 16:06:58.625272
cu_et371LoKq2Cn1A,10 Class Pack,2026-04-28 09:58:49.140249,2026-04-28 09:58:49.146327,,
cu_r858JaaccJXw8Y,Intro Offer,2026-01-02 02:54:37.547842,2026-01-02 02:54:37.571135,,
cu_ykV6dJQ4BMyPPe,Intro Offer,2026-01-01 22:04:16.852106,2026-01-01 22:04:16.88549,,
cu_eNMrNLJqnaLatR,4 Classes / Month ,2026-01-10 04:27:38.203347,2026-01-10 04:27:38.225465,,2026-06-10 04:27:38.225465
cu_jlv7BJLt9kuWeg,Intro Offer,2025-12-31 15:28:56.658752,2025-12-31 15:28:56.681722,,
cu_CsQpWve56gOE7b,Intro Offer,2026-01-03 00:50:33.948014,2026-01-03 00:50:33.981427,,
cu_9TTSdh1kGS97NU,Intro Offer,2026-01-06 00:03:57.963058,2026-01-06 00:03:58.001677,,
cu_XU4mzizmpC1jUS,Intro Offer,2026-01-06 01:20:50.448907,2026-01-06 01:20:50.472897,,
cu_Tb8QghotpVrg17,Intro Offer,2026-01-07 01:22:18.242409,2026-01-07 01:22:18.266161,,
cu_2lJrHVusqYU0iG,Intro Offer,2026-01-08 21:16:37.233544,2026-01-08 21:16:37.254302,,
cu_MVXiLgMnHqwCh3,Unlimited / Month,2025-12-07 23:08:38.558007,2025-12-07 23:08:38.661802,,2026-06-07 23:08:38.661802
cu_lBGtrBXQcoi1IV,Intro Offer,2026-01-13 02:51:10.302855,2026-01-13 02:51:10.327815,,
cu_F4So1y2IahnhGl,10 Class Pack,2026-01-26 01:20:01.048609,2026-01-26 01:20:01.056906,,
cu_x7e7E6zjzqnsEu,Intro Offer,2025-12-26 15:19:11.849858,2025-12-26 15:19:11.872896,,
cu_w9wTDY3OIW6K1b,Intro Offer,2025-12-29 15:13:59.30343,2025-12-29 15:13:59.331911,,
cu_sWsJ4bTMyhzksH,Intro Offer,2026-01-23 18:40:48.780585,2026-01-23 18:40:48.789033,,
cu_wtHd95x1vbz30a,Intro Offer,2026-01-19 12:50:52.039413,2026-01-19 12:50:52.047739,,
cu_8NNNAHcTRDGgmi,Intro Offer,2025-12-30 18:43:09.331146,2025-12-30 18:43:09.356061,,
cu_6xh3o4E5cNRLBK,Intro Offer,2026-01-03 16:37:25.369722,2026-01-03 16:37:25.392627,,
cu_OgWWKuzG3A2MOi,Intro Offer,2025-12-31 17:17:21.619053,2025-12-31 17:17:21.641641,,
cu_EbCsGl62sZAlou,Intro Offer,2026-01-12 00:27:15.999565,2026-01-12 00:27:16.023087,,
cu_nXVYtTxstGlqLF,4 Classes / Month ,2025-11-30 02:26:17.340892,2025-11-30 02:26:17.355998,,2026-05-28 02:26:17.355998
cu_lMUTQWIQMbwBvb,Intro Offer,2025-12-31 18:40:28.748111,2025-12-31 18:40:28.771846,,
cu_0CZpfjTPlscTu1,Unlimited / Month,2026-01-30 20:25:54.349873,2026-01-30 20:25:54.38195,2026-03-23 12:43:44.896473,2026-03-28 20:25:54.38195
cu_5Vwx1mIVddGopX,Intro Offer,2026-01-06 13:35:41.44884,2026-01-06 13:35:41.484176,,
cu_CwaPtzX1OPFHIF,Intro Offer,2026-01-21 19:28:48.788437,2026-01-21 19:28:48.798105,,
cu_pG36mWJD4idabN,Founding Membership,2025-11-13 20:00:21.096528,2025-11-20 02:29:08.356021,2026-02-21 23:49:35.706075,2026-02-24 12:00:00
cu_MSjn1z83KyadsR,Intro Offer,2026-01-14 22:03:46.072264,2026-01-14 22:03:46.083376,,
cu_w9Atihl8V34tHb,4 Classes / Month ,2026-01-02 12:29:27.110019,2026-01-02 12:29:27.142888,2026-02-05 00:00:00.513375,2026-02-02 12:29:27.142888
cu_0tog58r7XSQBw4,Intro Offer,2026-01-15 15:23:56.311814,2026-01-15 15:23:56.322112,,
cu_pB8fr1Lg0U3rWa,Intro Offer,2026-01-08 23:37:25.629707,2026-01-08 23:37:25.652457,,
cu_45R7Mu2VAoc1vO,Intro Offer,2026-01-19 19:31:43.141123,2026-01-19 19:31:43.147532,,
cu_et371LoKq2Cn1A,Intro Offer,2026-01-16 19:32:33.550733,2026-01-16 19:32:33.580059,,
cu_vVgxyBLAjz4LcY,Intro Offer,2026-01-10 05:19:48.148666,2026-01-10 05:19:48.178806,,
cu_rpAbGxjhh9Ah15,Founding Membership,2025-11-12 21:29:09.823972,2025-11-20 02:29:07.8816,,2026-04-24 12:00:00
cu_Vmr7P9LQVDs8He,Intro Offer,2026-01-17 16:50:15.451571,2026-01-17 16:50:15.464227,,
cu_dkvbzUYnVBKtPS,Intro Offer,2026-01-20 00:45:10.583902,2026-01-20 00:45:10.592223,,
cu_hipoPoW9v9oGaj,Founding Membership,2025-12-07 16:50:41.984713,2025-12-07 16:50:42.020054,,2026-06-07 16:50:42.020054
cu_1GSlfNm4pKbhpi,Unlimited / Month,2026-01-18 01:22:53.198424,2026-01-18 01:22:53.205403,,2026-06-18 01:22:53.205403
cu_ZSyUw6AzgEMDN4,Intro Offer,2026-01-20 21:42:47.578154,2026-01-20 21:42:47.589025,,
cu_xRVbEWw3EJaNVa,Intro Offer,2026-01-19 12:50:37.149366,2026-01-19 12:50:37.156934,,
cu_PMtzaxbVrV9Pd4,Intro Offer,2026-01-28 04:41:47.370732,2026-01-28 04:41:47.399122,,
cu_F2zzvhIl2WatlS,Intro Offer,2026-01-21 12:48:22.798466,2026-01-21 12:48:22.809149,,
cu_DlfdODsVBsUZam,Intro Offer,2026-01-26 23:45:05.968977,2026-01-26 23:45:05.981682,,
cu_E6RAMX3co5NO7H,Intro Offer,2026-01-25 15:43:01.940942,2026-01-25 15:43:01.949642,,
cu_toe4DDOKu7ApbO,Founding Membership,2025-12-13 11:56:38.46279,2025-12-13 11:56:38.484475,,2026-06-13 11:56:38.484475
cu_UpNqFI7qmS459B,10 Class Pack,2026-01-22 03:44:40.668341,2026-01-22 03:44:40.677879,,
cu_3ckOoQ0VX8lNX7,Intro Offer,2026-01-26 16:46:09.040512,2026-01-26 16:46:09.086435,,
cu_vY6dO6LntOnWEm,Intro Offer,2026-01-27 13:32:42.948181,2026-01-27 13:32:42.968179,,
cu_JPff04hFaLiO3g,Founding Membership,2025-11-12 22:54:09.315165,2025-11-20 02:29:07.92695,,2026-05-24 12:00:00
cu_z4pY77gJwAoItH,Intro Offer,2026-01-28 20:42:38.01056,2026-01-28 20:42:38.02471,,
cu_HPGE4dt6mv8cYs,Intro Offer,2026-01-28 22:49:00.38027,2026-01-28 22:49:00.397622,,
cu_6EUFlTvkfFL95C,Intro Offer,2026-01-28 23:43:49.353353,2026-01-28 23:43:49.390723,,
cu_2XNEJdKFoFBNle,Founding Membership,2025-11-16 17:47:11.014183,2025-11-20 02:29:08.600624,,2026-05-24 12:00:00
cu_16TrMxseBwwSph,Intro Offer,2026-01-30 13:56:03.688878,2026-01-30 13:56:03.725858,,
cu_6lA9eae8w0ykKB,Founding Membership,2026-01-13 12:11:15.091614,2026-01-13 12:11:15.10099,,2026-06-13 12:11:15.10099
cu_F4kXtg4OLOPsQM,Intro Offer,2026-01-19 01:29:59.760475,2026-01-19 01:29:59.769464,,
cu_9NBtIVFRGXVsuW,Intro Offer,2025-12-27 12:53:35.73843,2025-12-27 12:53:35.761855,,
cu_zHc66FLfZrsCau,Intro Offer,2026-01-28 21:42:20.918987,2026-01-28 21:42:20.928145,,
cu_tzMj77yDGKef6P,Intro Offer,2026-01-21 15:11:38.55782,2026-01-21 15:11:38.567148,,
cu_OlqYQPx9CRJlVH,Intro Offer,2025-12-29 15:16:05.519522,2025-12-29 15:16:05.540848,,
cu_Jp6i0IBBpI0Gff,Intro Offer,2026-01-11 02:13:20.610764,2026-01-11 02:13:20.636415,,
cu_33rbs8c1JpBjbX,Intro Offer,2026-01-03 16:39:02.039004,2026-01-03 16:39:02.061648,,
cu_UAFEag9nhupGu9,Intro Offer,2025-12-30 21:01:01.229376,2025-12-30 21:01:01.258487,,
cu_CGJ9BbFcgOfSoT,Intro Offer,2026-01-19 14:16:58.079199,2026-01-19 14:16:58.087453,,
cu_6B4T8vJH67pbcL,Intro Offer,2026-01-12 14:03:20.659603,2026-01-12 14:03:20.682792,,
cu_QI5EmNy7NFZDG2,Intro Offer,2026-01-05 04:49:04.732618,2026-01-05 04:49:04.757425,,
cu_jVI70q333r0muY,Unlimited / Month,2026-01-13 17:29:17.488403,2026-01-13 17:29:17.497749,2026-05-02 15:15:07.580573,2026-05-13 17:29:17.497749
cu_3eo0J73j2l2eDj,Intro Offer,2026-01-06 17:21:27.799243,2026-01-06 17:21:27.82345,,
cu_SvBTGhz0Tcpf3v,10 Class Pack,2026-01-25 17:06:13.880474,2026-01-25 17:06:13.901443,,
cu_LiWUo4yjkBRDhD,Unlimited / Month,2026-01-28 17:07:34.352916,2026-01-28 17:07:34.367177,,2026-05-28 17:07:34.367177
cu_kAKZBJgjyEXH7j,Founding Membership,2025-11-13 01:50:54.167283,2025-11-20 02:29:08.107969,,2026-05-24 12:00:00
cu_qvYQ7zHzMOywMl,Intro Offer,2026-01-21 20:27:00.999953,2026-01-21 20:27:01.0228,,
cu_h6AIEUfdT1LuRk,Intro Offer,2026-01-19 22:01:49.192821,2026-01-19 22:01:49.200346,,
cu_CGbEFnsyDRg256,Intro Offer,2026-01-09 01:29:49.826517,2026-01-09 01:29:49.850198,,
cu_GXcUXxgYzgg5Oc,Intro Offer,2026-01-14 22:08:11.911741,2026-01-14 22:08:11.938287,,
cu_xNG9w8la4IwYVq,Founding Membership,2025-11-25 19:46:29.849076,2025-11-25 19:46:30.091614,2026-01-25 20:18:05.657673,2026-02-25 19:46:30.091614
cu_ZghaXhBW3O7Cdm,Intro Offer,2026-01-16 00:00:22.108161,2026-01-16 00:00:22.122154,,
cu_Dmak5O1GExlJBt,Unlimited / Month,2025-11-30 02:28:10.957964,2025-11-30 02:28:10.974668,,2026-05-28 02:28:10.974668
cu_PndT0cKcToeJor,Intro Offer,2026-01-16 23:07:06.610636,2026-01-16 23:07:06.638294,,
cu_RW9g55fUiEAMym,Intro Offer,2026-01-21 02:00:14.260566,2026-01-21 02:00:14.269705,,
cu_2WIBjN1OnQdw0d,Intro Offer,2026-01-17 21:13:16.041118,2026-01-17 21:13:16.10009,,
cu_I8CGwvDU4ypBSB,Founding Membership,2025-11-23 19:20:03.953568,2025-11-23 19:20:03.967599,,2026-05-23 19:20:03.967599
cu_WB2qoqLHYHnoPb,Intro Offer,2026-01-21 13:09:44.798289,2026-01-21 13:09:44.806961,,
cu_WJuSdav2pXKgjN,Intro Offer,2026-01-26 17:25:19.068857,2026-01-26 17:25:19.079241,,
cu_RJX5fwOZunhfWC,Intro Offer,2026-01-23 20:08:19.559063,2026-01-23 20:08:19.567101,,
cu_pCK0GWEgeqLpoa,Unlimited / Month,2026-01-07 23:58:31.491181,2026-01-07 23:58:31.507532,,2026-06-07 23:58:31.507532
cu_EkD9avj6c1XKJ0,Intro Offer,2026-01-29 21:36:34.819226,2026-01-29 21:36:34.833755,,
cu_ycwSpjp3oRjLtW,Intro Offer,2026-01-26 23:50:17.59947,2026-01-26 23:50:17.629133,,
cu_DAMSLWkByGrqKp,Founding Membership,2025-11-22 00:22:57.554522,2025-11-22 00:22:57.563616,,2026-05-24 12:00:00
cu_v8Pr7iv1lVwoyP,Intro Offer,2026-01-29 03:10:56.790129,2026-01-29 03:10:56.802399,,
cu_eGsc1B1YWanv2d,Intro Offer,2026-01-30 22:15:54.047379,2026-01-30 22:15:54.088823,,
cu_u1XdL9jvn8KgnN,Intro Offer,2026-01-31 02:48:25.020241,2026-01-31 02:48:25.029986,,
cu_q71aB6PJbvZudf,Intro Offer,2026-02-01 14:03:20.099709,2026-02-01 14:03:20.109572,,
cu_mH5scEjGyt55az,Intro Offer,2026-01-31 16:20:44.308544,2026-01-31 16:20:44.333949,,
cu_xRSerhQWGdVMEV,Founding Membership,2025-11-12 21:25:30.437871,2025-11-20 02:29:07.750411,,2026-05-24 12:00:00
cu_1B980VVTmUSd9I,Unlimited / Month,2026-01-02 13:07:27.342707,2026-01-02 13:07:27.363093,,2026-06-02 13:07:27.363093
cu_AiPxuEhyxURGpt,10 Class Pack,2026-02-01 15:20:24.116099,2026-02-01 15:20:24.131222,,
cu_TnohITuE6SfbMU,10 Class Pack,2026-01-26 13:40:44.905741,2026-01-26 13:40:44.920788,,
cu_WIBFCVP98FAdoe,Intro Offer,2025-12-27 14:31:27.599102,2025-12-27 14:31:27.622809,,
cu_HQ06LPmrTSkW72,Intro Offer,2026-01-19 01:32:07.839004,2026-01-19 01:32:07.845668,,
cu_x5rxi4MQzBFYjE,Intro Offer,2026-01-02 16:17:02.98899,2026-01-02 16:17:03.012191,,
cu_K1mr5iUx8JnkTq,Intro Offer,2025-12-29 21:24:27.738387,2025-12-29 21:24:27.76132,,
cu_p3zCclzOZOJpO1,Unlimited / Month,2026-01-07 23:58:59.347742,2026-01-07 23:58:59.367948,,2026-06-07 23:58:59.367948
cu_ooleywrxZjLTMC,Intro Offer,2026-01-28 18:41:58.201992,2026-01-28 18:41:58.214618,,
cu_DEXtv5bequ5kA0,Intro Offer,2026-01-04 14:12:21.148336,2026-01-04 14:12:21.172569,,
cu_ILbesPAk1FT7ek,Intro Offer,2026-01-01 18:33:42.078217,2026-01-01 18:33:42.101211,,
cu_1LVOGN0krftCE2,Intro Offer,2026-01-05 13:11:21.798941,2026-01-05 13:11:21.823579,,
cu_UMgpzie4ndacwV,Intro Offer,2026-01-19 15:54:42.091563,2026-01-19 15:54:42.099474,,
cu_UX6vHK24YFHY4B,Intro Offer,2026-01-12 18:16:43.151119,2026-01-12 18:16:43.193041,,
cu_qkSaGFtCnKxqOc,Intro Offer,2026-01-06 17:43:09.578655,2026-01-06 17:43:09.607188,,
cu_VMt3NFVyUHNp9J,10 Class Pack,2026-02-01 15:19:58.247214,2026-02-01 15:19:58.267692,,
cu_59gloy7paRI3sT,Founding Membership,2025-11-16 02:29:27.586821,2025-11-20 02:29:08.553925,,2026-05-24 12:00:00
cu_uthR9E2vO3caHS,Intro Offer,2026-01-13 20:13:43.590935,2026-01-13 20:13:43.599648,,
cu_PmTgAwZELFmwsq,Intro Offer,2026-01-09 03:29:08.625176,2026-01-09 03:29:08.648523,,
cu_uEnCcnliNrdiKM,Intro Offer,2026-01-20 00:29:44.901041,2026-01-20 00:29:44.909366,,
cu_7vHO3wfteJSWJz,Intro Offer,2026-01-15 12:34:30.693329,2026-01-15 12:34:30.703804,,
cu_aZ6GzSyE6LOA8j,Intro Offer,2026-01-23 11:48:54.428324,2026-01-23 11:48:54.437612,,
cu_PFr3YEUM8k1BjU,Intro Offer,2026-01-16 05:29:46.071859,2026-01-16 05:29:46.081451,,
cu_ijOLbf6AvSEZpH,Intro Offer,2026-01-21 02:03:47.320001,2026-01-21 02:03:47.330048,,
cu_WhDgBBD3rdP2LM,Intro Offer,2026-01-17 15:59:01.659621,2026-01-17 15:59:01.66695,,
cu_0p6M9hwHlCkocU,Unlimited / Month,2025-11-25 21:57:07.922935,2025-11-25 21:57:08.005967,,2026-05-25 21:57:08.005967
cu_DP2nAJwCNf4BrU,Intro Offer,2026-01-21 15:11:06.933638,2026-01-21 15:11:06.963026,,
cu_S60tIfW1ZxJemc,Intro Offer,2026-01-17 22:47:40.98929,2026-01-17 22:47:40.996937,,
cu_AyJUIVA6N67lzj,Intro Offer,2026-01-26 22:21:08.741449,2026-01-26 22:21:08.756661,,
cu_wtWxSuiTmTh8ho,Intro Offer,2026-01-24 02:41:27.057742,2026-01-24 02:41:27.066263,,
cu_1zUmuFjdhBNmPQ,4 Classes / Month ,2025-12-31 01:24:46.52882,2025-12-31 01:24:46.552719,2026-05-04 18:19:10.808802,2026-05-28 01:24:46.552719
cu_hJtSgjvIgibf41,Founding Membership,2025-11-12 21:26:40.885039,2025-11-20 02:29:07.835492,,2026-05-24 12:00:00
cu_hY2j0E6ql7AN3H,Intro Offer,2026-01-27 23:12:15.41893,2026-01-27 23:12:15.42917,,
cu_Qa4iBcAgBjAIEA,Intro Offer,2026-01-29 19:48:37.719242,2026-01-29 19:48:37.734098,,
cu_GVKxQrElqgLnW6,Intro Offer,2026-01-25 21:26:12.10921,2026-01-25 21:26:12.11701,,
cu_eqUCh9yC6c0bag,Intro Offer,2026-01-28 21:50:19.990272,2026-01-28 21:50:20.003571,,
cu_PNM1sXNPsa22qu,Intro Offer,2026-01-27 03:13:51.679519,2026-01-27 03:13:51.688885,,
cu_CdxxM23kIfSyKU,Intro Offer,2026-01-30 15:25:48.44066,2026-01-30 15:25:48.470052,,
cu_qeZFLHmolSTVVK,10 Class Pack,2026-01-30 03:20:02.523562,2026-01-30 03:20:02.553934,,
cu_3j1OYZpLPnavj2,Intro Offer,2026-01-30 22:49:00.761,2026-01-30 22:49:00.778322,,
cu_UUeNoRCYzWg0gD,Founding Membership,2026-01-11 03:24:27.971828,2026-01-11 03:24:28.010911,,2026-06-11 03:24:28.010911
cu_qJMrQSFhpTJksS,Intro Offer,2026-01-31 07:19:52.090934,2026-01-31 07:19:52.104768,,
cu_yZ62iK3sUMxPOz,10 Class Pack,2026-01-31 14:20:52.448898,2026-01-31 14:20:52.455265,,
cu_i7pq20wPDKMk2c,Intro Offer,2026-02-02 01:56:54.028415,2026-02-02 01:56:54.061049,,
cu_n72m96PN5utdTz,Intro Offer,2026-01-31 17:19:16.0222,2026-01-31 17:19:16.035364,,
cu_KRIuCMUbkBXrK9,Intro Offer,2026-02-01 16:52:24.139838,2026-02-01 16:52:24.162386,,
cu_6lA9eae8w0ykKB,Intro Offer,2025-12-24 04:52:21.718768,2025-12-24 04:52:21.742014,,
cu_FaYbZ22XuqSH0L,Intro Offer,2025-12-27 23:33:33.137819,2025-12-27 23:33:33.1775,,
cu_rTIA7AlLrBLiwF,4 Classes / Month ,2026-01-30 15:37:47.410469,2026-01-30 15:37:47.425472,2026-04-01 00:00:00.692078,2026-03-28 15:37:47.425472
cu_y9SCkjy1BrEQG0,Intro Offer,2025-12-24 11:23:02.551332,2025-12-24 11:23:02.584221,,
cu_mW1Mml9YhNKADe,Intro Offer,2026-01-19 16:58:34.140476,2026-01-19 16:58:34.15121,,
cu_eueIOvLvlsG8Sw,Intro Offer,2026-01-02 21:40:29.861637,2026-01-02 21:40:29.904464,,
cu_uPDjEgZr65VU7v,Intro Offer,2025-12-28 15:57:56.046607,2025-12-28 15:57:56.06952,,
cu_urmTjXl8aPgidy,Intro Offer,2026-01-23 14:39:08.596877,2026-01-23 14:39:08.608877,,
cu_9DurPKaPLuOq4c,Intro Offer,2026-01-11 16:11:43.106773,2026-01-11 16:11:43.126098,,
cu_1GSlfNm4pKbhpi,Intro Offer,2026-01-04 17:08:44.758822,2026-01-04 17:08:44.78372,,
cu_217Ki5ipWAJDxl,Unlimited / Month,2025-12-29 23:57:21.76792,2025-12-29 23:57:21.791006,2025-12-30 04:25:31.468556,2026-01-29 23:57:21.791006
cu_yZ9xCqJyFFw9op,Intro Offer,2025-12-31 12:16:32.088058,2025-12-31 12:16:32.113188,,
cu_OdnSV51KQUqdZU,Intro Offer,2026-01-01 21:14:45.363509,2026-01-01 21:14:45.387594,,
cu_ZyiP6jutrnSnXH,Intro Offer,2026-01-12 23:02:39.128266,2026-01-12 23:02:39.17029,,
cu_MIz9xYSXYE843Y,Intro Offer,2026-01-05 22:33:14.948217,2026-01-05 22:33:14.972924,,
cu_SvBTGhz0Tcpf3v,Intro Offer,2026-01-20 12:29:31.881988,2026-01-20 12:29:31.890029,,
cu_P5MJduNGlCuMcu,Intro Offer,2026-01-06 19:12:25.719352,2026-01-06 19:12:25.763309,,
cu_4aOtFnZNAtF36u,Intro Offer,2026-01-14 02:13:49.947882,2026-01-14 02:13:49.958749,,
cu_59e2bzHhrKD2PK,Intro Offer,2026-01-09 18:32:09.000256,2026-01-09 18:32:09.022679,,
cu_mm2OkTBBRwZJTe,Founding Membership,2025-11-14 16:12:18.328102,2025-11-20 02:29:08.442793,2026-04-21 22:07:25.770136,2026-04-24 12:00:00
cu_Q94Ekez73renwz,4 Classes / Month ,2026-01-15 13:54:10.612399,2026-01-15 13:54:10.619905,2026-04-13 14:24:24.663065,2026-05-15 13:54:10.619905
cu_qpmN2FYZrXJ7MD,Intro Offer,2026-01-21 03:08:11.420137,2026-01-21 03:08:11.428073,,
cu_jCsI9IzOkNZfxf,Intro Offer,2026-01-27 13:27:41.789627,2026-01-27 13:27:41.816357,,
cu_mU7kLmnLOECBQY,Intro Offer,2026-01-16 16:11:08.811576,2026-01-16 16:11:08.817866,,
cu_z3Vgy4TmslppWN,Founding Membership,2025-11-12 21:15:33.559613,2025-11-20 02:29:07.604306,2026-02-22 00:20:21.162927,2026-03-24 12:00:00
cu_WQNA6u1SOiFz5b,Intro Offer,2026-01-21 15:48:13.49474,2026-01-21 15:48:13.504761,,
cu_tF8yx7ggWWvRVu,Intro Offer,2026-01-19 02:13:26.408379,2026-01-19 02:13:26.417197,,
cu_7AM2FqevBNIMHS,Intro Offer,2026-01-24 03:56:02.407076,2026-01-24 03:56:02.416969,,
cu_CJFhzpV85Zap5t,Founding Membership,2025-11-12 21:14:22.840237,2025-11-20 02:29:07.513066,,2026-05-24 12:00:00
cu_dKKUwoiNVHKWxA,Unlimited / Month,2025-11-25 23:08:51.20214,2025-11-25 23:08:51.214949,,2026-05-25 23:08:51.214949
cu_3Ys6xIt5OP0wHY,Founding Membership,2025-11-12 23:35:30.69391,2025-11-20 02:29:08.011922,,2026-05-24 12:00:00
cu_qRgp9tSGbT6tmh,Intro Offer,2026-01-28 22:42:37.597947,2026-01-28 22:42:37.629359,,
cu_VHaFKDkdfw5TsC,Intro Offer,2026-01-28 19:56:04.099748,2026-01-28 19:56:04.109369,,
cu_HL8mTfBOMIJrEt,Intro Offer,2026-01-26 22:26:00.169258,2026-01-26 22:26:00.17763,,
cu_31m13anbjciNyD,Intro Offer,2026-01-25 22:01:37.648448,2026-01-25 22:01:37.658127,,
cu_SvBTGhz0Tcpf3v,10 Class Pack,2026-01-26 13:47:35.988078,2026-01-26 13:47:36.00316,2026-01-27 02:29:56.364224,
cu_aR2lcIbJplg8L8,10 Class Pack,2026-01-27 23:46:32.829366,2026-01-27 23:46:32.841481,,
cu_5ekVQMki9yuGCL,Intro Offer,2026-01-30 04:25:54.770579,2026-01-30 04:25:54.78639,,
cu_QhZMoWFeYuQ6mS,4 Classes / Month ,2026-01-29 21:11:30.299417,2026-01-29 21:11:30.35905,2026-05-02 00:00:03.186465,2026-04-28 21:11:30.35905
cu_FeWXS2OU8gagjd,Intro Offer,2026-01-31 01:31:44.490526,2026-01-31 01:31:44.506585,,
cu_WrfFELNf8LNlKf,Intro Offer,2026-01-31 16:10:46.18871,2026-01-31 16:10:46.215411,,
cu_4jam8vy3Ku8TZP,Intro Offer,2026-02-02 02:57:41.159997,2026-02-02 02:57:41.171166,,
cu_ZDG6s9FTQfW4NR,Intro Offer,2026-02-03 14:01:05.898881,2026-02-03 14:01:05.909337,,
cu_AGyNG9hR2l8pXu,Intro Offer,2026-02-04 13:58:44.268845,2026-02-04 13:58:44.279158,,
cu_HKrXrf21zxYsbM,Intro Offer,2026-02-02 12:00:09.020584,2026-02-02 12:00:09.034417,,
cu_cNcJgRqRtuboQP,Intro Offer,2026-02-03 14:04:17.636586,2026-02-03 14:04:17.650237,,
cu_I4SJ8CbvoCBY8I,4 Classes / Month ,2026-02-06 22:13:00.293538,2026-02-06 22:13:00.302322,2026-05-07 01:05:38.78787,2026-06-06 22:13:00.302322
cu_BQTWNxdWmYxFXP,Intro Offer,2026-02-04 14:24:55.721417,2026-02-04 14:24:55.731643,,
cu_BYTQAHH8PdrJx1,Intro Offer,2026-02-03 19:00:21.869087,2026-02-03 19:00:21.889113,,
cu_cOm6ghPZ8NlDPE,Intro Offer,2026-02-02 19:46:43.477613,2026-02-02 19:46:43.491013,,
cu_hFqgV8s6y138bL,Intro Offer,2026-02-08 15:14:13.553936,2026-02-08 15:14:13.568101,,
cu_hdblxztTTAs4eH,Intro Offer,2026-02-02 22:19:31.759608,2026-02-02 22:19:31.773252,,
cu_rtZBFt2CxMEgHg,Intro Offer,2026-02-06 22:11:09.183988,2026-02-06 22:11:09.273511,,
cu_rlAhaJPGcZz9uW,Intro Offer,2026-02-03 19:02:41.900634,2026-02-03 19:02:41.951305,,
cu_4TNwqEbWj1GpwJ,Intro Offer,2026-02-02 23:41:02.990217,2026-02-02 23:41:03.0298,,
cu_ssjUymBmi8NwrN,Intro Offer,2026-02-04 16:02:13.639316,2026-02-04 16:02:13.665682,,
cu_Vy0rieyjxDHudO,Intro Offer,2026-02-02 23:43:21.907687,2026-02-02 23:43:21.921066,,
cu_dxwlI1H28sFBMI,Intro Offer,2026-02-03 21:05:55.930068,2026-02-03 21:05:55.955608,,
cu_UnbrI97ekUXqxs,Intro Offer,2026-02-03 13:46:25.856141,2026-02-03 13:46:25.866117,,
cu_Q5yPG3sGjJjZzL,Intro Offer,2026-02-06 15:03:24.07308,2026-02-06 15:03:24.101376,,
cu_vjo3Tr0Ar1KDJ5,Intro Offer,2026-02-03 22:16:06.131903,2026-02-03 22:16:06.161077,,
cu_s9hjgWEHsCsUKQ,Intro Offer,2026-02-03 13:55:52.069633,2026-02-03 13:55:52.097092,,
cu_IYhHpUIdXytnl6,Intro Offer,2026-02-05 17:17:17.987496,2026-02-05 17:17:18.00035,,
cu_SkYDme9FXJ0f5C,Unlimited / Month,2026-02-05 16:14:59.493767,2026-02-05 16:14:59.50023,,2026-06-05 16:14:59.50023
cu_heIYcfRNGMLNJH,Intro Offer,2026-02-04 05:53:25.138721,2026-02-04 05:53:25.15007,,
cu_hY2j0E6ql7AN3H,4 Classes / Month ,2026-02-07 16:52:26.674268,2026-02-07 16:52:26.697356,2026-04-18 17:59:38.426591,2026-05-07 16:52:26.697356
cu_srSGzcftjJoVXf,Intro Offer,2026-02-06 15:13:12.87808,2026-02-06 15:13:12.888417,,
cu_pLCEpmBVuQhpuy,4 Classes / Month ,2026-02-05 17:23:08.157063,2026-02-05 17:23:08.167147,2026-04-09 00:00:00.907746,2026-04-05 17:23:08.167147
cu_OcKLtNjopqlk8G,Intro Offer,2026-02-05 14:49:14.033072,2026-02-05 14:49:14.045945,,
cu_ycwSpjp3oRjLtW,Unlimited / Month,2026-02-04 18:35:42.777576,2026-02-04 18:35:42.788897,,2026-06-04 18:35:42.788897
cu_5SDrlJTZ76oRJB,Intro Offer,2026-02-06 21:10:17.705099,2026-02-06 21:10:17.714909,,
cu_DAMSLWkByGrqKp,10 Class Pack,2026-02-06 12:42:51.585137,2026-02-06 12:42:51.614498,,
cu_iaRJ5DnOHLJPpW,Intro Offer,2026-02-08 02:29:59.372921,2026-02-08 02:29:59.384187,,
cu_Vk3UcrAUnxsJuc,Intro Offer,2026-02-08 19:00:02.391131,2026-02-08 19:00:02.40208,,
cu_X8FIgnloaQbmpW,Intro Offer,2026-02-08 02:26:20.987822,2026-02-08 02:26:21.0267,,
cu_JL4JErrWS2EEun,Intro Offer,2026-02-07 02:04:16.012431,2026-02-07 02:04:16.021629,,
cu_tZyM0UWoHqv8vy,Intro Offer,2026-02-09 13:35:57.01378,2026-02-09 13:35:57.026748,,
cu_thXk5uSTO0d34C,Intro Offer,2026-02-09 13:40:27.093499,2026-02-09 13:40:27.101073,,
cu_zzhh5C65ehd8RN,Unlimited / Month,2026-02-04 20:11:58.238896,2026-02-04 20:11:58.245727,,2026-06-04 20:11:58.245727
cu_RnBampmVWvEJVi,4 Classes / Month ,2026-02-05 17:10:11.953395,2026-02-05 17:10:11.962666,,2026-06-05 17:10:11.962666
cu_KMWJlF8u5sbKLX,Intro Offer,2026-02-10 01:29:10.814115,2026-02-10 01:29:10.823839,,
cu_vUpwefeLf87B32,Intro Offer,2026-02-10 13:19:39.473818,2026-02-10 13:19:39.483941,,
cu_2M7csgtKVBknDg,10 Class Pack,2026-02-10 15:06:05.86068,2026-02-10 15:06:05.87509,,
cu_msWVFjy0hYkvot,Intro Offer,2026-02-11 22:00:29.053988,2026-02-11 22:00:29.067524,,
cu_86J96131GZBq04,Intro Offer,2026-02-10 18:18:42.643761,2026-02-10 18:18:42.652348,,
cu_AzTHOYDOGWqOhK,Intro Offer,2026-02-13 16:25:37.849701,2026-02-13 16:25:37.872306,,
cu_D3SQbAM7DDKFEP,Intro Offer,2026-02-12 00:56:52.504134,2026-02-12 00:56:52.516931,,
cu_nMNdI92V4albQR,Intro Offer,2026-02-10 22:10:21.633076,2026-02-10 22:10:21.669277,,
cu_f57fUA1kqnBgpa,Intro Offer,2026-02-14 14:35:47.656829,2026-02-14 14:35:47.664332,,
cu_XqpOra5Y7N5eDO,Intro Offer,2026-02-12 15:17:43.574578,2026-02-12 15:17:43.584209,,
cu_jBs1Mi9HGudKFV,10 Class Pack,2026-02-13 16:26:08.830817,2026-02-13 16:26:08.846986,,
cu_TPEmf8CtxqLFIf,Intro Offer,2026-02-10 22:38:38.872475,2026-02-10 22:38:38.881853,,
cu_Njl62HZbqes2Yc,Intro Offer,2026-02-10 22:23:38.968004,2026-02-10 22:23:39.014981,,
cu_WbltAyaLCXtkmV,Intro Offer,2026-02-16 19:20:11.447698,2026-02-16 19:20:11.462333,,
cu_OQglFUjYJFk1me,Intro Offer,2026-02-12 17:08:13.157877,2026-02-12 17:08:13.170379,,
cu_hFqgV8s6y138bL,4 Classes / Month ,2026-02-16 23:51:06.878661,2026-02-16 23:51:06.910989,2026-03-30 02:30:55.916075,2026-04-16 23:51:06.910989
cu_4ZBi54fFg3A7fg,Intro Offer,2026-02-16 16:11:45.343558,2026-02-16 16:11:45.354111,,
cu_F8gYef1ApVCPo6,Intro Offer,2026-02-14 14:36:39.593576,2026-02-14 14:36:39.603135,,
cu_BSfw7T6RpyqNrM,Intro Offer,2026-02-12 22:12:29.50968,2026-02-12 22:12:29.534984,,
cu_DoixG0ddJiI3zE,Intro Offer,2026-02-13 20:35:12.899528,2026-02-13 20:35:12.91012,,
cu_3ckOoQ0VX8lNX7,4 Classes / Month ,2026-02-13 16:35:32.327345,2026-02-13 16:35:32.337767,2026-04-18 17:56:59.655469,2026-05-13 16:35:32.337767
cu_imecmxWAzrrwoE,Intro Offer,2026-02-15 16:13:40.56696,2026-02-15 16:13:40.574797,,
cu_g20g0cnTJLuboH,Intro Offer,2026-02-14 03:23:40.977626,2026-02-14 03:23:41.05634,,
cu_6tzkDPtQ89n0hN,Intro Offer,2026-02-16 03:41:09.163502,2026-02-16 03:41:09.197319,,
cu_wd7Nm7MXwQl595,Intro Offer,2026-02-16 16:53:17.973865,2026-02-16 16:53:17.982879,,
cu_bxpdpThfKacECS,Intro Offer,2026-02-16 20:30:33.147649,2026-02-16 20:30:33.179848,,
cu_uWw8e6RTKa4E1k,Intro Offer,2026-02-16 21:34:05.76347,2026-02-16 21:34:05.774554,,
cu_1Mi58PRvkWqsPR,Intro Offer,2026-02-16 21:52:11.863074,2026-02-16 21:52:11.873823,,
cu_DP2nAJwCNf4BrU,4 Classes / Month ,2026-02-13 15:19:07.119484,2026-02-13 15:19:07.129744,2026-03-16 03:40:24.361432,2026-04-13 15:19:07.129744
cu_PJcdtTMWIKqS7f,Intro Offer,2026-02-17 00:03:00.652867,2026-02-17 00:03:00.666424,,
cu_P5MJduNGlCuMcu,4 Classes / Month ,2026-02-11 17:57:57.987316,2026-02-11 17:57:57.998006,2026-05-05 20:56:01.295901,2026-05-11 17:57:57.998006
cu_iJQAU53oYIQvja,Intro Offer,2026-02-17 13:30:29.316795,2026-02-17 13:30:29.329888,,
cu_SvBTGhz0Tcpf3v,Unlimited / Month,2026-02-10 15:50:13.57754,2026-02-10 15:50:13.605398,,2026-06-10 15:50:13.605398
cu_WN1IQNUqEl3CyM,Intro Offer,2026-02-22 15:15:03.161864,2026-02-22 15:15:03.176241,,
cu_xW4vmb04A0344r,Intro Offer,2026-02-17 17:56:44.127127,2026-02-17 17:56:44.137427,,
cu_qT49ftLHWSfojC,Intro Offer,2026-02-21 16:53:41.438685,2026-02-21 16:53:41.453352,,
cu_eC0OKuJVfRapWQ,Intro Offer,2026-02-17 23:20:24.076842,2026-02-17 23:20:24.085911,,
cu_YDjbbuoGA9lbQV,Intro Offer,2026-02-18 15:57:50.344305,2026-02-18 15:57:50.392593,,
cu_BvEaR9RovqfSco,Intro Offer,2026-02-18 16:53:04.354926,2026-02-18 16:53:04.368975,,
cu_4MX3WtOZNZ6SUK,Intro Offer,2026-02-18 20:25:23.39804,2026-02-18 20:25:23.409837,,
cu_CJZ33a1c3PrWlk,Intro Offer,2026-02-22 03:33:23.935637,2026-02-22 03:33:23.949255,,
cu_WmbtvZEhnSBlyN,Intro Offer,2026-02-19 13:38:47.032344,2026-02-19 13:38:47.043899,,
cu_Db4BY96wHuYFon,Founding Membership,2025-11-25 03:23:19.862431,2025-11-25 03:23:19.940462,,2026-05-25 03:23:19.940462
cu_16TrMxseBwwSph,10 Class Pack,2026-02-23 17:33:14.196228,2026-02-23 17:33:14.23445,,
cu_vLyxV4UWDf9TrQ,Founding Membership,2025-11-12 22:56:18.746662,2025-11-20 02:29:07.969957,2026-04-13 21:38:19.874806,2026-04-24 12:00:00
cu_c6ZCzY8AiR3azd,Intro Offer,2026-02-22 05:21:29.191172,2026-02-22 05:21:29.199874,,
cu_4PlvMGgu4zX0JB,Intro Offer,2026-02-19 23:34:01.014372,2026-02-19 23:34:01.025921,,
cu_oDs3Hm01Cc4xJF,Intro Offer,2026-02-22 23:48:45.295246,2026-02-22 23:48:45.337952,,
cu_LdoI5yjD0yQWuK,Intro Offer,2026-02-20 10:17:44.832332,2026-02-20 10:17:44.840624,,
cu_ZEZrkn8MAmYrh7,Intro Offer,2026-02-22 13:11:27.340803,2026-02-22 13:11:27.352781,,
cu_nK7JaLjBSGETc6,Founding Membership,2025-12-24 13:12:33.430991,2025-12-24 13:12:33.479945,,2026-05-24 13:12:33.479945
cu_OPA4AXFQu7jCWU,Intro Offer,2026-02-22 15:13:41.405185,2026-02-22 15:13:41.436342,,
cu_s4XojMP1miqorz,10 Class Pack,2026-02-23 01:22:18.660815,2026-02-23 01:22:18.670057,,
cu_FxI860Fa8atgUE,Founding Membership,2026-02-22 16:59:08.249156,2026-02-22 16:59:08.302595,,2026-06-22 16:59:08.302595
cu_N2ZHyI4q8IccX8,Intro Offer,2026-02-24 02:18:51.596217,2026-02-24 02:18:51.606531,,
cu_hlAEKUqa2kmYvH,Founding Membership,2025-11-24 21:32:31.080926,2025-11-24 21:32:31.100701,,2026-05-24 21:32:31.100701
cu_5pptyOW446AtBJ,Intro Offer,2026-02-23 06:42:52.184719,2026-02-23 06:42:52.219244,,
cu_JyEZZQRPS2f0nK,Intro Offer,2026-02-23 22:44:52.481529,2026-02-23 22:44:52.488567,,
cu_j50qD70BioknfR,Intro Offer,2026-02-24 13:29:11.906417,2026-02-24 13:29:11.924587,,
cu_6FwzJai0cgOlWn,Founding Membership,2025-11-14 00:45:29.164128,2025-11-20 02:29:08.403562,,2026-05-24 12:00:00
cu_NUedEDBwlxSkst,Founding Membership,2025-11-20 22:00:14.011268,2025-11-20 22:00:14.025519,2026-04-22 00:21:26.438851,2026-05-24 12:00:00
cu_xYut3JEOA5MqEC,4 Classes / Month ,2026-02-22 19:29:52.071328,2026-02-22 19:29:52.079099,,2026-06-22 19:29:52.079099
cu_X7jW6SnVCx3dKi,Intro Offer,2026-02-24 12:38:02.781666,2026-02-24 12:38:02.811391,,
cu_217Ki5ipWAJDxl,Founding Membership,2025-11-13 16:12:15.845389,2025-11-20 02:29:08.151069,,2026-05-24 12:00:00
cu_olVRqRXXkVGw4T,Intro Offer,2026-02-24 19:59:04.982832,2026-02-24 19:59:04.991523,,
cu_aWjK0NZ3qMAGGH,Founding Membership,2025-11-12 21:13:02.780358,2025-11-20 02:29:07.463637,2026-03-08 21:28:33.229905,2026-03-24 12:00:00
cu_3j1OYZpLPnavj2,4 Classes / Month ,2026-02-19 14:32:44.663223,2026-02-19 14:32:44.67483,,2026-06-19 14:32:44.67483
cu_83YRzE5zIo8tDO,Intro Offer,2026-02-24 23:13:37.636568,2026-02-24 23:13:37.674247,,
cu_dxwlI1H28sFBMI,Unlimited / Month,2026-02-22 23:25:39.8616,2026-02-22 23:25:39.872044,,2026-06-22 23:25:39.872044
cu_xVjierspVHLXuc,Intro Offer,2026-02-25 01:44:44.306087,2026-02-25 01:44:44.337983,,
cu_7LqYJcOorEljZJ,Intro Offer,2026-03-03 15:19:29.662584,2026-03-03 15:19:29.67079,,
cu_F8gYef1ApVCPo6,10 Class Pack,2026-02-27 16:37:46.640027,2026-02-27 16:37:46.653401,,
cu_Iv6XPWbbv2NUOp,Intro Offer,2026-02-25 13:56:20.658565,2026-02-25 13:56:20.67003,,
cu_nNHiAJpyT2v3tR,Intro Offer,2026-03-01 14:06:45.506973,2026-03-01 14:06:45.528764,,
cu_ZDG6s9FTQfW4NR,4 Classes / Month ,2026-02-25 17:48:55.656795,2026-02-25 17:48:55.67025,2026-03-23 21:41:56.681385,2026-04-25 17:48:55.67025
cu_4TtULaxCxgNzjp,Intro Offer,2026-02-27 17:26:41.156197,2026-02-27 17:26:41.170844,,
cu_urhvMKs86RJQPl,Intro Offer,2026-02-26 03:17:21.795746,2026-02-26 03:17:21.809999,,
cu_EItiLo28p5CJHq,Intro Offer,2026-03-09 11:20:13.473958,2026-03-09 11:20:13.491311,,
cu_dZwjhiFm0rb9V8,10 Class Pack,2026-02-27 22:32:59.946603,2026-02-27 22:32:59.963235,,
cu_pUveL7Gi6EgqVZ,Intro Offer,2026-02-26 12:50:21.42687,2026-02-26 12:50:21.458388,,
cu_7aWSf7j586BIJY,Intro Offer,2026-03-01 16:54:13.52545,2026-03-01 16:54:13.5373,,
cu_iaRJ5DnOHLJPpW,10 Class Pack,2026-03-08 03:50:27.507582,2026-03-08 03:50:27.520241,,
cu_4ekOicwdF1LuC1,Intro Offer,2026-02-28 07:01:04.422083,2026-02-28 07:01:04.433838,,
cu_hAgMLUdqXGLNa4,Intro Offer,2026-02-26 17:23:35.256498,2026-02-26 17:23:35.266999,,
cu_D3SQbAM7DDKFEP,10 Class Pack,2026-03-03 22:50:05.065347,2026-03-03 22:50:05.078156,,
cu_xxnx0wgxMXjtnP,Intro Offer,2026-03-01 21:53:15.525135,2026-03-01 21:53:15.533185,,
cu_YUkdCEkoytKHP8,Intro Offer,2026-02-26 19:08:36.225714,2026-02-26 19:08:36.234307,,
cu_URQv2wvdybIWmh,Intro Offer,2026-02-28 13:14:26.215532,2026-02-28 13:14:26.227756,,
cu_arfG7T5uSmZE0K,Intro Offer,2026-02-27 03:37:44.705856,2026-02-27 03:37:44.715145,,
cu_tW9rnmVH12M7TM,Intro Offer,2026-03-05 15:07:47.144753,2026-03-05 15:07:47.156173,,
cu_aC04MoDovz9vVq,Unlimited / Month,2026-03-06 16:38:50.628749,2026-03-06 16:38:50.641436,2026-04-06 17:00:34.690933,2026-05-06 16:38:50.641436
cu_5Lh1hXKSBCys90,Intro Offer,2026-02-28 14:11:01.596814,2026-02-28 14:11:01.608435,,
cu_79x2U9tqdQC4xf,Intro Offer,2026-03-07 14:52:55.934542,2026-03-07 14:52:55.945919,,
cu_3FRhPY9YfSXqPG,10 Class Pack,2026-03-04 22:07:21.768994,2026-03-04 22:07:21.780749,,
cu_HSTfxLK2XKvgCR,Intro Offer,2026-03-01 04:55:03.574679,2026-03-01 04:55:03.58681,,
cu_FeGVzqWB3n7hRb,Intro Offer,2026-03-03 15:00:39.665152,2026-03-03 15:00:39.677207,,
cu_dRVqgqyHrB2E4m,Intro Offer,2026-03-05 19:56:11.217511,2026-03-05 19:56:11.233542,,
cu_s3u3szwrQctfaj,Intro Offer,2026-03-09 00:24:02.006774,2026-03-09 00:24:02.035224,,
cu_wd7Nm7MXwQl595,Unlimited / Month,2026-02-26 16:04:50.439229,2026-02-26 16:04:50.451549,,2026-05-26 16:04:50.451549
cu_ak4qA33f9fNp4F,Intro Offer,2026-03-07 15:39:42.314641,2026-03-07 15:39:42.32336,,
cu_jIIur5GAG3ZVHS,4 Classes / Month ,2026-03-05 00:54:50.775235,2026-03-05 00:54:50.788802,2026-04-06 16:05:42.51857,2026-05-05 00:54:50.788802
cu_hD0V2MPTT26rx2,Intro Offer,2026-03-09 20:58:28.625653,2026-03-09 20:58:28.635891,,
cu_9jYJ6DriOUENNA,Intro Offer,2026-03-08 15:42:35.203811,2026-03-08 15:42:35.213141,,
cu_dB7IFeBqtbN67J,Intro Offer,2026-03-09 21:29:53.549788,2026-03-09 21:29:53.567335,,
cu_lpCIFlBRAto8c6,Intro Offer,2026-03-09 21:30:49.681326,2026-03-09 21:30:49.710197,,
cu_9CWPbiA5DVoDFF,10 Class Pack,2026-03-09 22:17:30.503952,2026-03-09 22:17:30.512412,,
cu_v6OiJMdyLMIRMr,Intro Offer,2026-03-09 22:49:49.036884,2026-03-09 22:49:49.047551,,
cu_Vk3UcrAUnxsJuc,4 Classes / Month ,2026-03-02 01:25:26.372077,2026-03-02 01:25:26.382026,,2026-06-02 01:25:26.382026
cu_Nsgtd44xgP7rNR,Intro Offer,2026-03-10 17:09:02.994321,2026-03-10 17:09:03.00629,,
cu_EKeOI1oUse0l9D,Intro Offer,2026-03-10 17:42:35.548668,2026-03-10 17:42:35.571366,,
cu_IqaOuyf22LsZT9,Intro Offer,2026-03-12 19:20:56.315399,2026-03-12 19:20:56.329253,,
cu_AD9DhGcVL9dV7k,Intro Offer,2026-03-10 18:04:54.786572,2026-03-10 18:04:54.795322,,
cu_iJQAU53oYIQvja,4 Classes / Month ,2026-03-17 14:34:16.157285,2026-03-17 14:34:16.169794,,2026-06-17 14:34:16.169794
cu_v2OcBsANBZV1vA,Unlimited / Month,2026-03-17 17:37:23.922109,2026-03-17 17:37:23.977817,,2026-06-17 17:37:23.977817
cu_tx6U2Prk284m6R,Intro Offer,2026-03-10 19:46:05.443591,2026-03-10 19:46:05.45231,,
cu_XGJmRoCDUYVrzx,Intro Offer,2026-03-10 19:54:33.904151,2026-03-10 19:54:33.914672,,
cu_s9hjgWEHsCsUKQ,10 Class Pack,2026-03-15 12:56:47.884767,2026-03-15 12:56:47.914949,,
cu_pPKh3QxZo3nfdN,10 Class Pack,2026-03-13 18:09:28.794176,2026-03-13 18:09:28.803241,,
cu_9qpq64PUiXupSk,Intro Offer,2026-03-10 21:23:02.665679,2026-03-10 21:23:02.674776,,
cu_jpXmacfHShLu60,Intro Offer,2026-03-17 21:14:32.643418,2026-03-17 21:14:32.654494,,
cu_VelyPvzMGibfcR,Intro Offer,2026-03-11 05:40:22.534823,2026-03-11 05:40:22.545907,,
cu_JDSMm4vEzcgJI0,Intro Offer,2026-03-13 19:16:02.000788,2026-03-13 19:16:02.018364,,
cu_2lJrHVusqYU0iG,4 Classes / Month ,2026-03-17 01:36:48.564903,2026-03-17 01:36:48.573903,,2026-06-17 01:36:48.573903
cu_Njl62HZbqes2Yc,10 Class Pack,2026-03-15 17:07:57.38271,2026-03-15 17:07:57.414959,,
cu_j50qD70BioknfR,10 Class Pack,2026-03-13 22:25:34.683688,2026-03-13 22:25:34.69475,,
cu_uCYdIKxUDFfy7J,Intro Offer,2026-03-11 17:33:04.905174,2026-03-11 17:33:04.915096,,
cu_Vo0n0pBqlZa1w3,Intro Offer,2026-03-11 17:49:25.123877,2026-03-11 17:49:25.134251,,
cu_dkvbzUYnVBKtPS,10 Class Pack,2026-03-14 13:37:04.519675,2026-03-14 13:37:04.536492,,
cu_E4qeBG3BCEoEcO,Intro Offer,2026-03-12 03:28:58.688451,2026-03-12 03:28:58.699412,,
cu_Clh3SMgqXmUzEL,Intro Offer,2026-03-17 00:01:23.566385,2026-03-17 00:01:23.577225,,
cu_3f1wZ3sy1EwbvV,Intro Offer,2026-03-15 00:49:26.434211,2026-03-15 00:49:26.450054,,
cu_rdkYLxpryeFVoS,Intro Offer,2026-03-18 14:13:19.364481,2026-03-18 14:13:19.374447,,
cu_cPshH1Y0i5BCOv,Intro Offer,2026-03-17 15:58:19.185964,2026-03-17 15:58:19.198408,,
cu_X8FIgnloaQbmpW,10 Class Pack,2026-03-15 01:29:39.582912,2026-03-15 01:29:39.615268,,
cu_MIz9xYSXYE843Y,10 Class Pack,2026-03-17 00:10:31.811367,2026-03-17 00:10:31.835493,,
cu_lMUTQWIQMbwBvb,10 Class Pack,2026-03-18 02:48:34.847116,2026-03-18 02:48:34.884168,,
cu_BQrkpWUlOGaL66,Intro Offer,2026-03-18 12:52:57.187363,2026-03-18 12:52:57.210266,,
cu_4ekOicwdF1LuC1,4 Classes / Month ,2026-03-19 02:25:40.450728,2026-03-19 02:25:40.463728,,2026-06-19 02:25:40.463728
cu_XFU986H9NaDLcj,Intro Offer,2026-03-18 11:53:50.794421,2026-03-18 11:53:50.80632,,
cu_njO4gloAz2FnFb,Intro Offer,2026-03-18 15:53:05.611886,2026-03-18 15:53:05.62015,,
cu_sVqc0T1mPUetX0,Intro Offer,2026-03-18 14:30:05.79579,2026-03-18 14:30:05.808528,,
cu_k5uNgc6aYdAbBB,Intro Offer,2026-03-18 18:32:34.185882,2026-03-18 18:32:34.195472,,
cu_sx8mGxWSTAXaag,Intro Offer,2026-03-18 19:41:22.701414,2026-03-18 19:41:22.708862,,
cu_15XpN3PQo3LPrr,Intro Offer,2026-03-18 21:58:47.665915,2026-03-18 21:58:47.682717,,
cu_qJMrQSFhpTJksS,4 Classes / Month ,2026-03-13 14:53:19.226563,2026-03-13 14:53:19.241161,,2026-06-13 14:53:19.241161
cu_7aWSf7j586BIJY,Unlimited / Month,2026-03-11 06:04:27.224885,2026-03-11 06:04:27.234143,,2026-06-11 06:04:27.234143
cu_0F3sWSFFa1BEL8,Intro Offer,2026-03-19 02:43:42.636262,2026-03-19 02:43:42.652757,,
cu_Af1MRF7wYDYmN8,4 Classes / Month ,2026-03-20 16:49:33.067989,2026-03-20 16:49:33.080427,2026-04-18 17:57:55.80847,2026-05-20 16:49:33.080427
cu_v5IMDSLM2ukluk,Intro Offer,2026-03-19 03:14:49.90513,2026-03-19 03:14:49.96941,,
cu_SvtM4stMpoZ0Qs,Intro Offer,2026-03-28 13:44:00.229358,2026-03-28 13:44:00.252494,,
cu_WMSZcA3s5s07wk,Intro Offer,2026-03-24 15:20:44.732724,2026-03-24 15:20:44.747103,,
cu_H207zHP5THtLxi,Intro Offer,2026-03-19 03:38:28.083552,2026-03-19 03:38:28.101143,,
cu_pWiscwareRd7pm,Intro Offer,2026-03-25 19:37:07.930162,2026-03-25 19:37:07.976612,,
cu_zGBFDqnCxU4Bn4,Intro Offer,2026-03-19 17:39:19.370207,2026-03-19 17:39:19.380581,,
cu_mS09edgvE1bdD5,Intro Offer,2026-03-21 13:29:30.642163,2026-03-21 13:29:30.649515,,
cu_gAX9slOYngiVIj,Intro Offer,2026-03-19 19:09:11.047764,2026-03-19 19:09:11.060225,,
cu_0GEni5wV8BxMBK,Intro Offer,2026-03-24 21:51:34.773621,2026-03-24 21:51:34.785733,,
cu_UpNqFI7qmS459B,Unlimited / Month,2026-03-21 13:22:57.851395,2026-03-21 13:22:57.86227,2026-03-21 21:59:21.067272,2026-03-21 21:59:21.067286
cu_eNMrNLJqnaLatR,10 Class Pack,2026-03-27 12:07:16.838666,2026-03-27 12:07:16.861878,,
cu_5iZSeOSwbpHSl4,Intro Offer,2026-03-19 23:07:22.074396,2026-03-19 23:07:22.088013,,
cu_Aj1OtyuVcwQdV1,Intro Offer,2026-03-21 23:46:38.169947,2026-03-21 23:46:38.181248,,
cu_tTk4x2rpCQmVYx,Intro Offer,2026-03-20 02:31:46.476439,2026-03-20 02:31:46.488102,,
cu_Nsgtd44xgP7rNR,4 Classes / Month ,2026-03-24 11:52:09.770434,2026-03-24 11:52:09.783146,,2026-05-24 11:52:09.783146
cu_89sZZXMgfSwfSv,Intro Offer,2026-03-20 06:40:44.046356,2026-03-20 06:40:44.05538,,
cu_xSlVgaHqcB6kR6,Intro Offer,2026-03-22 00:04:53.034646,2026-03-22 00:04:53.048662,,
cu_XjUhmL6wVJGLfJ,Intro Offer,2026-03-25 11:51:40.944223,2026-03-25 11:51:40.952909,,
cu_qpmN2FYZrXJ7MD,10 Class Pack,2026-03-20 16:34:16.598606,2026-03-20 16:34:16.608367,,
cu_nXHDIJp7Q8agz6,Intro Offer,2026-03-24 01:55:47.417793,2026-03-24 01:55:47.42577,,
cu_Cca6BQAt6NLsD7,Founding Membership,2025-11-12 23:37:54.343798,2025-11-20 02:29:08.060831,,2026-05-24 12:00:00
cu_Icxp33ylLERKoe,Intro Offer,2026-03-28 17:38:06.953941,2026-03-28 17:38:06.971437,,
cu_DFdyQK1ocWcbfO,Intro Offer,2026-03-23 17:05:59.787301,2026-03-23 17:05:59.796811,,
cu_X7jW6SnVCx3dKi,4 Classes / Month ,2026-03-23 15:55:59.060599,2026-03-23 15:55:59.073643,,2026-05-23 15:55:59.073643
cu_8jdC7oz7QrO5ie,Unlimited / Month,2026-03-25 22:37:18.876372,2026-03-25 22:37:18.884066,,2026-05-25 22:37:18.884066
cu_6CipRurOHDXy3T,Intro Offer,2026-03-26 16:03:21.378471,2026-03-26 16:03:21.390347,,
cu_8XNjLHivrc6LxB,Intro Offer,2026-03-25 18:44:41.638038,2026-03-25 18:44:41.671763,,
cu_QxpXOWEKW0iWR2,Intro Offer,2026-03-28 15:40:34.419366,2026-03-28 15:40:34.43426,,
cu_KEwAxVKOOxTXES,Intro Offer,2026-03-27 15:11:39.844082,2026-03-27 15:11:39.854649,,
cu_7JLnWHumAcB0ix,Intro Offer,2026-03-26 16:32:44.462141,2026-03-26 16:32:44.476108,,
cu_dWySRpuQ5dT3aT,Intro Offer,2026-03-29 21:52:58.672899,2026-03-29 21:52:58.682568,,
cu_0fhZ0vC3YCjUZD,10 Class Pack,2026-03-29 18:40:29.776461,2026-03-29 18:40:29.846568,,
cu_zdlTtu1O2JMApP,Intro Offer,2026-03-29 23:47:26.428304,2026-03-29 23:47:26.44794,,
cu_0Yaktg8XmgVer1,Intro Offer,2026-03-30 00:09:17.529075,2026-03-30 00:09:17.540155,,
cu_ATUtRfLHis6GIt,Intro Offer,2026-03-30 11:38:56.849886,2026-03-30 11:38:56.864159,,
cu_ZeDoaWiUIU0mbX,Intro Offer,2026-03-30 12:40:35.896636,2026-03-30 12:40:35.906774,,
cu_olVRqRXXkVGw4T,4 Classes / Month ,2026-03-25 16:15:16.56243,2026-03-25 16:15:16.584925,,2026-05-25 16:15:16.584925
cu_hVwhPPxZ54g34W,Intro Offer,2026-03-30 13:39:09.921982,2026-03-30 13:39:09.931588,,
cu_KLg6tcs5A6DEeQ,4 Classes / Month ,2026-03-19 19:44:57.73906,2026-03-19 19:44:57.754637,,2026-06-19 19:44:57.754637
cu_Z8T1QCQJjD1UTb,Intro Offer,2026-03-30 18:08:52.033912,2026-03-30 18:08:52.044698,,
cu_yqV9rK89WUbjZ3,Intro Offer,2026-04-27 15:19:15.57882,2026-04-27 15:19:15.594456,,
cu_9qJ3BnUkcVQvXm,Intro Offer,2026-04-01 12:55:13.455993,2026-04-01 12:55:13.467153,,
cu_WJHjWFLFMlECrG,Intro Offer,2026-03-31 18:42:17.670907,2026-03-31 18:42:17.682751,,
cu_oJB0YRbTBr73Qc,Intro Offer,2026-03-30 18:59:49.274538,2026-03-30 18:59:49.283408,,
cu_B9VSkA7Fqz8fYw,Intro Offer,2026-03-31 06:19:05.735304,2026-03-31 06:19:05.747925,,
cu_ArUZ8HpjSp7cQG,Intro Offer,2026-03-31 16:41:43.772675,2026-03-31 16:41:43.784521,,
cu_bIC6GQ71M37qc3,Intro Offer,2026-03-31 21:20:35.578106,2026-03-31 21:20:35.589683,,
cu_URvT4hN4ZkVl8t,Intro Offer,2026-03-31 17:23:36.297026,2026-03-31 17:23:36.310997,,
cu_P6iTW60nneEbXb,Intro Offer,2026-04-01 13:46:46.295359,2026-04-01 13:46:46.304757,,
cu_qF99u3xSkO5SGM,Intro Offer,2026-03-31 21:30:40.452031,2026-03-31 21:30:40.46095,,
cu_6faLuUUg8CPOap,Intro Offer,2026-04-01 21:48:07.510113,2026-04-01 21:48:07.520326,,
cu_bFyPbwLUqWFTsX,Intro Offer,2026-03-31 21:48:35.809387,2026-03-31 21:48:35.819355,,
cu_HAOAYNTVtE5va3,Intro Offer,2026-04-03 12:11:54.951271,2026-04-03 12:11:54.958938,,
cu_QjXYuhDxV1royF,Intro Offer,2026-04-02 13:51:40.244743,2026-04-02 13:51:40.258123,,
cu_Mq550QHZKrAQUL,Intro Offer,2026-04-01 14:00:04.207249,2026-04-01 14:00:04.218237,,
cu_3uyaBkjh5u7eQq,Intro Offer,2026-04-03 10:37:23.999373,2026-04-03 10:37:24.010725,,
cu_lX9YYbNSQgEBsZ,Intro Offer,2026-04-04 04:53:56.193847,2026-04-04 04:53:56.204091,,
cu_cwkjs5OOvcGX15,Intro Offer,2026-04-04 23:31:04.049374,2026-04-04 23:31:04.059754,,
cu_zZeSpXL4csYI97,Intro Offer,2026-04-09 12:47:54.57398,2026-04-09 12:47:54.602447,,
cu_hVrl2DF4ogvqrc,Intro Offer,2026-04-06 12:10:10.211259,2026-04-06 12:10:10.225075,,
cu_xJN4ZkbA6GNelO,Intro Offer,2026-04-08 02:49:05.581856,2026-04-08 02:49:05.593785,,
cu_9VPURt3WlpUeeV,Intro Offer,2026-04-06 17:03:35.371586,2026-04-06 17:03:35.381058,,
cu_EKeOI1oUse0l9D,4 Classes / Month ,2026-04-07 12:53:04.589875,2026-04-07 12:53:04.603015,,2026-06-07 12:53:04.603015
cu_VProaxV536to8O,Intro Offer,2026-04-10 00:35:01.196697,2026-04-10 00:35:01.207749,,
cu_1FcKhyGFtvCpLk,Intro Offer,2026-04-07 22:52:03.195615,2026-04-07 22:52:03.209616,,
cu_aJOjieEef4UL9N,Intro Offer,2026-04-08 18:35:44.938679,2026-04-08 18:35:44.94815,,
cu_FCZCGiA871210A,Intro Offer,2026-04-09 01:09:13.230228,2026-04-09 01:09:13.242494,,
cu_NFohDvZa55BEUi,Intro Offer,2026-04-09 01:49:43.353004,2026-04-09 01:49:43.37245,,
cu_g4k4LlHpdNfIRK,Intro Offer,2026-04-10 12:57:27.151943,2026-04-10 12:57:27.164224,,
cu_YspT0t4KmrTWmO,Intro Offer,2026-04-10 02:10:17.754807,2026-04-10 02:10:17.768238,,
cu_rrUVBIO8KbuoIf,Intro Offer,2026-04-10 14:42:51.050995,2026-04-10 14:42:51.062967,,
cu_rWAI3VTY5p2R6t,Intro Offer,2026-04-09 22:49:56.068328,2026-04-09 22:49:56.095076,,
cu_I4m6Vh0N17NzXB,Unlimited / Month,2026-04-06 17:57:35.912459,2026-04-06 17:57:35.927063,,2026-06-06 17:57:35.927063
cu_MmAUvBTr2nu7cr,Intro Offer,2026-04-10 13:50:05.832407,2026-04-10 13:50:05.842289,,
cu_U9If8J5baWXkqA,10 Class Pack,2026-04-10 02:22:09.028641,2026-04-10 02:22:09.038841,,
cu_AAiCJcxawivICQ,Intro Offer,2026-04-10 23:29:09.037176,2026-04-10 23:29:09.048011,,
cu_vrNFZs8Zixh3su,Intro Offer,2026-04-10 16:46:54.113667,2026-04-10 16:46:54.122407,,
cu_0qWcrKADr2OML7,Intro Offer,2026-04-10 15:24:39.314972,2026-04-10 15:24:39.324953,,
cu_0KEGgk8NDmobMS,Intro Offer,2026-04-11 16:19:04.182195,2026-04-11 16:19:04.193652,,
cu_nXV67m9iEAC8Lr,4 Classes / Month ,2026-04-09 16:00:24.492806,2026-04-09 16:00:24.500965,,2026-06-09 16:00:24.500965
cu_zCIxs14pF9oFOK,Intro Offer,2026-04-12 17:04:40.676736,2026-04-12 17:04:40.715262,,
cu_w3kpuGL49W0JAU,Intro Offer,2026-04-12 17:07:05.960308,2026-04-12 17:07:05.981467,,
cu_BLxAU48U8ItJ6g,Intro Offer,2026-04-13 13:05:48.926337,2026-04-13 13:05:48.935721,,
cu_3angl2wGNJDb8u,Intro Offer,2026-04-15 23:18:30.176082,2026-04-15 23:18:30.27705,,
cu_gd3y5FypuhAiKM,10 Class Pack,2026-04-13 13:15:49.425103,2026-04-13 13:15:49.436969,,
cu_cTfaUcIosKjhOW,Intro Offer,2026-04-15 14:05:23.124703,2026-04-15 14:05:23.181433,,
cu_lky4PoSF8f2mkN,Intro Offer,2026-04-14 22:48:36.708399,2026-04-14 22:48:36.801081,,
cu_NQErLRJUesVfYi,4 Classes / Month ,2026-04-18 12:27:01.907608,2026-04-18 12:27:01.932401,,2026-06-18 12:27:01.932401
cu_1TpoWRhTmAKOEq,Intro Offer,2026-04-14 23:34:15.298661,2026-04-14 23:34:15.315376,,
cu_tosRjbZWm8pJxX,Intro Offer,2026-04-16 18:20:39.638364,2026-04-16 18:20:39.66553,,
cu_YuBHiK6nRkIEmv,Intro Offer,2026-04-15 01:48:34.976775,2026-04-15 01:48:35.030395,,
cu_yFCAPztkb6uv2T,Intro Offer,2026-04-16 00:46:04.067199,2026-04-16 00:46:04.115615,,
cu_yYxWdEfCdNdDZH,Intro Offer,2026-04-15 19:40:12.237213,2026-04-15 19:40:12.288574,,
cu_gUt5iDcJH2s9DA,Intro Offer,2026-04-15 10:56:30.611478,2026-04-15 10:56:30.62234,,
cu_kRijV8BbvXJCxg,Intro Offer,2026-04-15 20:07:29.297573,2026-04-15 20:07:29.309913,,
cu_j1azIRNCagf9Nv,Intro Offer,2026-04-15 12:58:25.180921,2026-04-15 12:58:25.289638,,
cu_Sm6q5rnWT9bxr0,Intro Offer,2026-04-17 15:23:18.427877,2026-04-17 15:23:18.476386,,
cu_W5EYzsaV8yLLPJ,Intro Offer,2026-04-16 12:38:40.252514,2026-04-16 12:38:40.269416,,
cu_2RaU2nJ8oZso3I,Intro Offer,2026-04-16 20:16:14.639403,2026-04-16 20:16:14.651232,,
cu_5sT4tgwqSiiYta,Intro Offer,2026-04-15 21:23:54.662813,2026-04-15 21:23:54.723874,,
cu_jtzI8v41lMBxH6,Intro Offer,2026-04-17 12:16:18.390557,2026-04-17 12:16:18.511913,,
cu_WTiri9n2lIsNo2,Intro Offer,2026-04-17 06:09:14.823596,2026-04-17 06:09:14.873913,,
cu_uw60hEANZShn9k,Intro Offer,2026-04-17 13:36:00.652461,2026-04-17 13:36:00.663675,,
cu_rF29DklKArsHwX,Intro Offer,2026-04-17 15:55:57.655166,2026-04-17 15:55:57.679566,,
cu_YmwWbY16KHxCDI,Intro Offer,2026-04-18 04:13:57.205456,2026-04-18 04:13:57.255167,,
cu_KnDsvE5U5qNKnz,Intro Offer,2026-04-18 11:49:32.026524,2026-04-18 11:49:32.078216,,
cu_YikAJOh9VTl5Bf,Unlimited / Month,2026-04-13 20:04:27.919074,2026-04-13 20:04:27.937589,2026-04-21 20:31:48.256251,2026-05-13 20:04:27.937589
cu_Icxp33ylLERKoe,4 Classes / Month ,2026-04-16 21:12:03.712033,2026-04-16 21:12:03.725855,,2026-06-16 21:12:03.725855
cu_m1s6L7Q6yJ8Tc0,Intro Offer,2026-04-18 15:38:05.306202,2026-04-18 15:38:05.316874,,
cu_0mdzLvyZDRHoyU,Intro Offer,2026-04-19 13:23:48.762604,2026-04-19 13:23:48.809287,,
cu_8Kv0WRCfFyaPM4,Intro Offer,2026-04-19 15:13:09.475091,2026-04-19 15:13:09.532311,,
cu_R4McGyURJo3gzm,Intro Offer,2026-04-20 01:08:57.469013,2026-04-20 01:08:57.484578,,
cu_sVqc0T1mPUetX0,4 Classes / Month ,2026-04-20 22:26:12.777527,2026-04-20 22:26:12.788944,,2026-06-20 22:26:12.788944
cu_y4SDOFiGzQ4tTf,Intro Offer,2026-04-19 13:25:25.79659,2026-04-19 13:25:25.844579,,
cu_dGHRVSHsJdwGpU,Intro Offer,2026-04-18 17:48:25.031517,2026-04-18 17:48:25.048379,,
cu_ZeGCDJdl1iQufz,Intro Offer,2026-04-19 15:19:59.499154,2026-04-19 15:19:59.568987,,
cu_J6PTCdcrJzgkEM,Intro Offer,2026-04-19 14:15:13.823963,2026-04-19 14:15:13.837012,,
cu_7DivafNYAJnlEJ,Intro Offer,2026-04-18 17:49:35.988884,2026-04-18 17:49:36.11504,,
cu_B1c8BbP61qodQS,Intro Offer,2026-04-19 14:30:21.72608,2026-04-19 14:30:21.846141,,
cu_HVuziHo5dq8aBY,Intro Offer,2026-04-18 20:06:36.385767,2026-04-18 20:06:36.399064,,
cu_z6DoN9uurdsZts,Intro Offer,2026-04-18 20:17:40.670966,2026-04-18 20:17:40.717336,,
cu_hdD2dyhfcXEOTL,Intro Offer,2026-04-19 14:30:47.273941,2026-04-19 14:30:47.377866,,
cu_YUco4DhFRGwVGo,Intro Offer,2026-04-19 01:29:31.501531,2026-04-19 01:29:31.556616,,
cu_AW2DR7pf15ppFi,Intro Offer,2026-04-19 15:03:39.109311,2026-04-19 15:03:39.165045,,
cu_FPrsR7IUweX4vS,Intro Offer,2026-04-21 14:40:35.28984,2026-04-21 14:40:35.343813,,
cu_9KBAZn2EnyB2M0,Intro Offer,2026-04-20 18:16:39.529313,2026-04-20 18:16:39.589195,,
cu_zHc66FLfZrsCau,4 Classes / Month ,2026-04-20 00:47:04.561394,2026-04-20 00:47:04.574456,,2026-06-20 00:47:04.574456
cu_cD1a8D9Y0BxcYd,Unlimited / Month,2026-04-21 12:35:42.616517,2026-04-21 12:35:42.629742,,2026-06-21 12:35:42.629742
cu_UpL4tCJj9b5vPS,Intro Offer,2026-04-21 16:17:45.837408,2026-04-21 16:17:45.86588,,
cu_sr2J9WlSTWxmns,Intro Offer,2026-04-21 12:32:33.384653,2026-04-21 12:32:33.39923,,
cu_YuBHiK6nRkIEmv,4 Classes / Month ,2026-04-20 13:18:24.114311,2026-04-20 13:18:24.164104,,2026-06-20 13:18:24.164104
cu_WJHjWFLFMlECrG,10 Class Pack,2026-04-22 15:14:16.476249,2026-04-22 15:14:16.498805,,
cu_O4uaTVLdqagxHX,Intro Offer,2026-04-22 21:10:41.545777,2026-04-22 21:10:41.597425,,
cu_fzyg8dmVzk5sh2,Intro Offer,2026-04-23 11:33:13.461541,2026-04-23 11:33:13.47375,,
cu_cw817trFoEXHL5,Intro Offer,2026-04-23 18:32:26.169846,2026-04-23 18:32:26.179926,,
cu_UaFkgKlV27eLcW,Intro Offer,2026-04-24 00:31:00.152162,2026-04-24 00:31:00.203874,,
cu_xacMO1vmsDyljT,Intro Offer,2026-04-23 18:43:27.700886,2026-04-23 18:43:27.710078,,
cu_y6CxYKjKvtpaCE,Intro Offer,2026-04-23 15:13:13.07692,2026-04-23 15:13:13.086272,,
cu_83DFuMBpMEHN1p,Intro Offer,2026-04-24 02:00:44.666604,2026-04-24 02:00:44.677399,,
cu_msWVFjy0hYkvot,Unlimited / Month,2026-04-23 16:18:11.285396,2026-04-23 16:18:11.341103,2026-04-23 22:52:50.575982,2026-04-23 22:52:50.575995
cu_NUedEDBwlxSkst,4 Classes / Month ,2026-04-22 00:22:15.997635,2026-04-22 00:22:16.053011,2026-05-14 17:03:45.080744,2026-05-22 00:22:16.053011
cu_P02GotVaCaaxk4,Intro Offer,2026-04-24 03:03:04.532003,2026-04-24 03:03:04.539828,,
cu_zgN0eRWbqLIS80,Intro Offer,2026-04-24 13:12:56.232911,2026-04-24 13:12:56.245649,,
cu_ZPu0EiaObZOUHK,Intro Offer,2026-04-24 22:23:57.805551,2026-04-24 22:23:57.815372,,
cu_cwkjs5OOvcGX15,4 Classes / Month ,2026-04-24 23:39:13.300809,2026-04-24 23:39:13.315569,,2026-05-24 23:39:13.315569
cu_gAWJNRDRpwVCPG,Unlimited / Month,2026-04-27 15:34:47.194538,2026-04-27 15:34:47.20496,,2026-05-27 15:34:47.20496
cu_RcPXPm1SQuFVkk,Intro Offer,2026-04-25 17:43:38.191184,2026-04-25 17:43:38.20516,,
cu_jCHQTBTQopbscm,Intro Offer,2026-04-25 19:52:44.299881,2026-04-25 19:52:44.31333,,
cu_L89lYuvrtP3RW6,Intro Offer,2026-04-28 16:23:22.637212,2026-04-28 16:23:22.653467,,
cu_jdI0rOGmKbnmrD,Intro Offer,2026-04-28 17:49:23.095931,2026-04-28 17:49:23.109366,,
cu_G4ZszJV9yp1OiR,Intro Offer,2026-04-29 23:12:05.366811,2026-04-29 23:12:05.380756,,
cu_8DR7CmuQcEl3v1,Intro Offer,2026-04-29 17:50:36.735358,2026-04-29 17:50:36.747155,,
cu_Mq550QHZKrAQUL,10 Class Pack,2026-04-30 20:13:53.659999,2026-04-30 20:13:53.676672,,
cu_5yfdF03jnuy7YS,Intro Offer,2026-05-03 19:12:15.927262,2026-05-03 19:12:15.934848,,
cu_ZzqzmnU0JCjxE7,Intro Offer,2026-05-01 23:02:42.136581,2026-05-01 23:02:42.187118,,
cu_PGrd2aIfjuVaHT,Intro Offer,2026-05-04 12:13:14.788524,2026-05-04 12:13:14.796637,,
cu_WJYwaXkrHtTVK9,10 Class Pack,2026-05-04 16:29:14.711877,2026-05-04 16:29:14.731581,,
cu_3ddskdDHE08JTn,Intro Offer,2026-05-04 17:49:24.106312,2026-05-04 17:49:24.114341,,
cu_LajeLTRTmmQWr5,Intro Offer,2026-05-04 19:06:15.455899,2026-05-04 19:06:15.462609,,
cu_8bEo8dgRBWImRp,Intro Offer,2026-05-05 16:33:41.277045,2026-05-05 16:33:41.285547,,
cu_tqOH2qJicNIp5F,Intro Offer,2026-05-05 19:18:56.526864,2026-05-05 19:18:56.562522,,
cu_v5IMDSLM2ukluk,4 Classes / Month ,2026-05-04 23:25:52.416515,2026-05-04 23:25:52.425387,,2026-06-04 23:25:52.425387
cu_Z8T1QCQJjD1UTb,Unlimited / Month,2026-05-05 00:15:13.348793,2026-05-05 00:15:13.370897,,2026-06-05 00:15:13.370897
cu_8WPjhNi7BQttld,Intro Offer,2026-05-05 14:50:19.26785,2026-05-05 14:50:19.293879,,
cu_1TpoWRhTmAKOEq,4 Classes / Month ,2026-05-06 03:48:55.891712,2026-05-06 03:48:56.016628,,2026-06-06 03:48:56.016628
cu_P5MJduNGlCuMcu,Unlimited / Month,2026-05-05 21:00:24.76366,2026-05-08 21:00:24.774805,,2026-06-08 21:00:24.774805
cu_J2na5fpkOYmVc8,Intro Offer,2026-05-07 15:02:22.332957,2026-05-07 15:02:22.344768,,
cu_i0lNTLseGrv8IB,Intro Offer,2026-05-06 17:41:35.747584,2026-05-06 17:41:35.756303,,
cu_hUF9m0rRZDayEV,Intro Offer,2026-05-08 14:01:27.572533,2026-05-08 14:01:27.60068,,
cu_kRijV8BbvXJCxg,4 Classes / Month ,2026-05-06 22:15:03.216069,2026-05-06 22:15:03.225314,,2026-06-06 22:15:03.225314
cu_SYOeaDLokCe3pE,Unlimited / Month,2026-01-07 03:00:18.188459,2026-01-07 03:00:18.203948,,2026-06-07 03:00:18.203948
cu_MIfw9RRKvReU4O,Intro Offer,2026-05-07 21:28:23.631905,2026-05-07 21:28:23.657799,,
cu_FOX6PaupjRtlu7,Intro Offer,2026-05-08 03:28:53.587805,2026-05-08 03:28:53.599455,,
cu_nIZHUMb8fvebbV,Intro Offer,2026-05-09 11:19:10.988586,2026-05-09 11:19:10.999583,,
cu_hkUk5XOLwpbLkh,Intro Offer,2026-05-09 22:52:55.490022,2026-05-09 22:52:55.502476,,
cu_XRjCDwrEkfID9c,Intro Offer,2026-05-09 22:31:53.8253,2026-05-09 22:31:53.845967,,
cu_tosRjbZWm8pJxX,10 Class Pack,2026-05-10 15:44:47.409436,2026-05-10 15:44:47.422858,,
cu_wFNvPVhKZf996d,Intro Offer,2026-05-10 17:32:13.883355,2026-05-10 17:32:13.941284,,
cu_MIfw9RRKvReU4O,4 Classes / Month ,2026-05-16 18:04:49.299989,2026-05-16 18:04:49.308342,,2026-06-16 18:04:49.308342
cu_tGLgtdoPFVnVBi,Intro Offer,2026-05-14 18:57:10.76922,2026-05-14 18:57:10.791375,,
cu_gTPS2qYWDMeUKX,Intro Offer,2026-05-13 21:34:59.636525,2026-05-13 21:34:59.658079,,
cu_bjlP8Qnt9x2oXW,Unlimited / Month,2026-05-15 15:24:01.627448,2026-05-15 15:24:01.640251,,2026-06-15 15:24:01.640251
cu_8F9rm6ENTrtyZU,Intro Offer,2026-05-12 16:26:46.904582,2026-05-12 16:26:46.917082,,
cu_Qx4oNUCdWJRFAv,Intro Offer,2026-05-15 22:28:01.27423,2026-05-15 22:28:01.286616,,
cu_ZRHG4nBrq0yHua,Intro Offer,2026-05-12 17:36:18.63937,2026-05-12 17:36:18.659312,,
cu_dZwjhiFm0rb9V8,10 Class Pack,2026-05-13 17:09:52.573837,2026-05-13 17:09:52.583156,,
cu_5aFzyk37dN3e6B,Intro Offer,2026-05-13 23:20:00.979076,2026-05-13 23:20:00.997975,,
cu_dTggJM5E2ELOCY,Intro Offer,2026-05-15 16:42:18.924701,2026-05-15 16:42:18.943675,,
cu_kpacQ3eZVJxSg6,Intro Offer,2026-05-16 05:08:38.436454,2026-05-16 05:08:38.447083,,
cu_UAl9OOWrnEqb3Z,4 Classes / Month ,2026-05-16 17:09:34.672456,2026-05-16 17:09:34.696981,,2026-06-16 17:09:34.696981
cu_u99uMV2gQ0j9Xo,Intro Offer,2026-05-15 20:53:12.176819,2026-05-15 20:53:12.188326,,
cu_cRDEvP8YiP1AHo,Intro Offer,2026-05-16 19:33:57.850105,2026-05-16 19:33:57.86095,,
cu_7Zl9fHFnAwUeAu,Intro Offer,2026-05-16 12:20:00.100387,2026-05-16 12:20:00.110276,,
cu_L1xsbb4EyYyygo,Intro Offer,2026-05-17 01:55:44.294182,2026-05-17 01:55:44.30434,,
cu_TCNb6G762Nc1cg,Intro Offer,2026-05-19 14:59:18.030829,2026-05-19 14:59:18.046609,,
cu_hrVsRF9XYET37E,Intro Offer,2026-05-19 15:59:26.949969,2026-05-19 15:59:26.96386,,
cu_UQxLR0zxZcwHNC,Intro Offer,2026-05-18 09:49:47.439221,2026-05-18 09:49:47.448005,,
cu_7jb5Qf6MoVj5WR,Intro Offer,2026-05-19 16:31:23.466086,2026-05-19 16:31:23.489147,,
cu_vQ1d8yttvYn4le,Intro Offer,2026-05-19 16:35:02.990067,2026-05-19 16:35:02.998265,,
